Date,,Payee,,Amount,Memo,OrigPayee
7/10/2022,7/12/2022,PAYMENT,,-1500.00,,PAYMENT
7/27/2022,7/29/2022,PAYMENT,,-2500.00,,PAYMENT
7/13/2022,7/14/2022,URBAN KIDS 1268  CALGARY  AB,Retail and Grocery,-25.19,,URBAN KIDS 1268  CALGARY  AB
7/9/2022,7/12/2022,BLACK DIAMOND DQ #2747 BLACK DIAMONDAB,Restaurants,-7.22,,BLACK DIAMOND DQ #2747 BLACK DIAMONDAB
7/10/2022,7/12/2022,MCDONALD'S #40479  OKOTOKS  AB,Restaurants,-4.19,,MCDONALD'S #40479  OKOTOKS  AB
7/11/2022,7/12/2022,CAV-OK GRILL  CALGARY  AB,Restaurants,-27.65,,CAV-OK GRILL  CALGARY  AB
7/11/2022,7/12/2022,TIM HORTONS #5671  BLACK DIAMONDAB,Restaurants,-7.80,,TIM HORTONS #5671  BLACK DIAMONDAB
7/12/2022,7/14/2022,MCDONALD S #9527  CALGARY  AB,Restaurants,-3.15,,MCDONALD S #9527  CALGARY  AB
7/13/2022,7/14/2022,SPENCER GIFTS #3071  CALGARY  AB,Retail and Grocery,-29.39,,SPENCER GIFTS #3071  CALGARY  AB
7/13/2022,7/14/2022,LOWES #03318*  CALGARY  AB,Home and Office Improvement,-52.73,,LOWES #03318*  CALGARY  AB
7/13/2022,7/14/2022,CAV-OK GRILL  CALGARY  AB,Restaurants,-22.74,,CAV-OK GRILL  CALGARY  AB
7/13/2022,7/15/2022,MCDONALD S #9527  CALGARY  AB,Restaurants,-2.07,,MCDONALD S #9527  CALGARY  AB
7/14/2022,7/15/2022,MCDONALD'S #40670  COCHRANE AB,Restaurants,-9.00,,MCDONALD'S #40670  COCHRANE AB
7/14/2022,7/15/2022,RVEZY.COM  OTTAWA WEST ON,Professional and Financial Services,2194.14,,RVEZY.COM  OTTAWA WEST ON
7/14/2022,7/15/2022,RVEZY.COM  OTTAWA WEST ON,Professional and Financial Services,731.38,,RVEZY.COM  OTTAWA WEST ON
7/14/2022,7/18/2022,MCDONALD'S #9219  CALGARY  AB,Restaurants,-3.15,,MCDONALD'S #9219  CALGARY  AB
7/15/2022,7/18/2022,AMZN Mktp CA*EP6M25AB3  WWW.AMAZON.CAON,Personal and Household Expenses,-71.36,,AMZN Mktp CA*EP6M25AB3  WWW.AMAZON.CAON
7/15/2022,7/18/2022,PETROCAN  CALGARY  AB,Transportation,-7.53,,PETROCAN  CALGARY  AB
7/15/2022,7/18/2022,MCDONALD S #9527  CALGARY  AB,Restaurants,-12.92,,MCDONALD S #9527  CALGARY  AB
7/16/2022,7/18/2022,TIM HORTONS #3722  HIGH RIVER AB,Restaurants,-11.41,,TIM HORTONS #3722  HIGH RIVER AB
7/16/2022,7/18/2022,MOBIL@ - 3870  HIGH RIVER AB,Transportation,-250.00,,MOBIL@ - 3870  HIGH RIVER AB
7/17/2022,7/18/2022,RVEZY.COM  OTTAWA WEST ON,Professional and Financial Services,-2579.51,,RVEZY.COM  OTTAWA WEST ON
7/17/2022,7/18/2022,RVEZY.COM  OTTAWA WEST ON,Professional and Financial Services,-800.00,,RVEZY.COM  OTTAWA WEST ON
7/17/2022,7/18/2022,TIM HORTONS #2013  OKOTOKS  AB,Restaurants,-6.57,,TIM HORTONS #2013  OKOTOKS  AB
7/20/2022,7/21/2022,AMZ*Mobimike  WWW.AMAZON.CAON,Personal and Household Expenses,71.36,,AMZ*Mobimike  WWW.AMAZON.CAON
7/27/2022,7/28/2022,RVEZY.COM  OTTAWA WEST ON,Professional and Financial Services,138.93,,RVEZY.COM  OTTAWA WEST ON
7/31/2022,8/2/2022,COSTCO GAS W1069  OKOTOKS  AB,Transportation,-200.00,,COSTCO GAS W1069  OKOTOKS  AB
7/31/2022,8/2/2022,PRINCESS AUTO 31  CALGARY  AB,Professional and Financial Services,-284.34,,PRINCESS AUTO 31  CALGARY  AB
7/31/2022,8/2/2022,CDN TIRE STORE #00642  OKOTOKS  AB,Home and Office Improvement,-173.22,,CDN TIRE STORE #00642  OKOTOKS  AB
7/31/2022,8/2/2022,SHOPPERS DRUG MART #24  OKOTOKS  AB,Health and Education,-22.76,,SHOPPERS DRUG MART #24  OKOTOKS  AB
7/31/2022,8/3/2022,THE CANADIAN BREWHOUSE  OKOTOKS  AB,Restaurants,-73.66,,THE CANADIAN BREWHOUSE  OKOTOKS  AB
8/2/2022,8/3/2022,SUBWAY 68989  Cochrane AB,Restaurants,-15.32,,SUBWAY 68989  Cochrane AB
8/2/2022,8/3/2022,BAR BURRITO  OKOTOKS  AB,Restaurants,-34.25,,BAR BURRITO  OKOTOKS  AB
8/2/2022,8/4/2022,SOBEYS OKOTOKS #1130  OKOTOKS  AB,Retail and Grocery,-17.96,,SOBEYS OKOTOKS #1130  OKOTOKS  AB
8/3/2022,8/5/2022,MCDONALD S #9527  CALGARY  AB,Restaurants,-7.42,,MCDONALD S #9527  CALGARY  AB
8/4/2022,8/5/2022,CAV-OK GRILL  CALGARY  AB,Restaurants,-22.74,,CAV-OK GRILL  CALGARY  AB
8/5/2022,8/8/2022,CAV-OK GRILL  CALGARY  AB,Restaurants,-27.69,,CAV-OK GRILL  CALGARY  AB
8/5/2022,8/8/2022,FAIRMONT CHATEAU LAKE  LAKE LOUISE AB,"Hotel, Entertainment and Recreation",-30.00,,FAIRMONT CHATEAU LAKE  LAKE LOUISE AB
8/6/2022,8/8/2022,TIM HORTONS #2013  OKOTOKS  AB,Restaurants,-3.19,,TIM HORTONS #2013  OKOTOKS  AB
8/6/2022,8/8/2022,MCDONALD'S #9042  CALGARY  AB,Restaurants,-9.00,,MCDONALD'S #9042  CALGARY  AB
8/6/2022,8/8/2022,WAL-MART #3011  CALGARY  AB,Retail and Grocery,-17.16,,WAL-MART #3011  CALGARY  AB
8/8/2022,8/9/2022,TIM HORTONS #2013  OKOTOKS  AB,Restaurants,-6.56,,TIM HORTONS #2013  OKOTOKS  AB
8/16/2022,PAYMENT,-3000.00,,,,PAYMENT
8/23/2022,PAYMENT,-1478.54,,,,PAYMENT
9/4/2022,PAYMENT THANK YOU/PAIEMENT MERCI,-726.00,,,,PAYMENT THANK YOU/PAIEMENT MERCI
8/19/2022,COSTCO WHOLESALE W1069 OKOTOKS  AB,-1.58,Retail and Grocery,,,COSTCO WHOLESALE W1069 OKOTOKS  AB
8/19/2022,COSTCO WHOLESALE W1069 OKOTOKS  AB,-116.52,Retail and Grocery,,,COSTCO WHOLESALE W1069 OKOTOKS  AB
8/10/2022,COSTCO WHOLESALE W1069 OKOTOKS  AB,472.49,Retail and Grocery,,,COSTCO WHOLESALE W1069 OKOTOKS  AB
8/10/2022,COSTCO WHOLESALE W1069 OKOTOKS  AB,-283.49,Retail and Grocery,,,COSTCO WHOLESALE W1069 OKOTOKS  AB
8/10/2022,TIM HORTONS #2013  OKOTOKS  AB,-6.56,Restaurants,,,TIM HORTONS #2013  OKOTOKS  AB
8/11/2022,SHELL C80113  COCHRANE AB,-8.74,Transportation,,,SHELL C80113  COCHRANE AB
8/11/2022,PIZZABERG CAFE  OKOTOKS  AB,-51.48,Restaurants,,,PIZZABERG CAFE  OKOTOKS  AB
8/11/2022,MCDONALD'S #21761  OKOTOKS  AB,-3.12,Restaurants,,,MCDONALD'S #21761  OKOTOKS  AB
8/11/2022,MCDONALD'S #40670  COCHRANE AB,-12.00,Restaurants,,,MCDONALD'S #40670  COCHRANE AB
8/12/2022,MCDONALD S #9527  CALGARY  AB,-3.50,Restaurants,,,MCDONALD S #9527  CALGARY  AB
8/12/2022,BLACK DIAMOND DQ #2747 BLACK DIAMONDAB,-17.39,Restaurants,,,BLACK DIAMOND DQ #2747 BLACK DIAMONDAB
8/13/2022,TIM HORTONS #5891  HIGH RIVER AB,-18.04,Restaurants,,,TIM HORTONS #5891  HIGH RIVER AB
8/13/2022,DOLLARAMA #1052  HIGH RIVER AB,-17.43,Retail and Grocery,,,DOLLARAMA #1052  HIGH RIVER AB
8/13/2022,THE NORTHERN BAR & STA FERNIE  BC,-89.80,Restaurants,,,THE NORTHERN BAR & STA FERNIE  BC
8/15/2022,COSTCO WHOLESALE W1069 OKOTOKS  AB,-346.14,Retail and Grocery,,,COSTCO WHOLESALE W1069 OKOTOKS  AB
8/15/2022,COSTCO WHOLESALE W1069 OKOTOKS  AB,-92.51,Retail and Grocery,,,COSTCO WHOLESALE W1069 OKOTOKS  AB
8/15/2022,BAR BURRITO  OKOTOKS  AB,-35.45,Restaurants,,,BAR BURRITO  OKOTOKS  AB
8/15/2022,COSTCO CANADA LIQUOR 1 OKOTOKS  AB,-122.52,Retail and Grocery,,,COSTCO CANADA LIQUOR 1 OKOTOKS  AB
8/15/2022,OA-GREAT CANADIAN OIL OKOTOKS  AB,-152.71,Transportation,,,OA-GREAT CANADIAN OIL OKOTOKS  AB
8/15/2022,WINNERS 244  CALGARY  AB,-15.74,Retail and Grocery,,,WINNERS 244  CALGARY  AB
8/15/2022,FGP40047 SHEEP RIVER S  OKOTOKS  AB,-157.96,Transportation,,,FGP40047 SHEEP RIVER S  OKOTOKS  AB
8/15/2022,SOBEYS OKOTOKS #1130  OKOTOKS  AB,-13.47,Retail and Grocery,,,SOBEYS OKOTOKS #1130  OKOTOKS  AB
8/15/2022,MCDONALD'S #9042  CALGARY  AB,-11.72,Restaurants,,,MCDONALD'S #9042  CALGARY  AB
8/15/2022,WAL-MART #3011  CALGARY  AB,-200.48,Retail and Grocery,,,WAL-MART #3011  CALGARY  AB
8/17/2022,AMZN Mktp CA*ZO0515G93  WWW.AMAZON.CAON,-71.36,Personal and Household Expenses,,,AMZN Mktp CA*ZO0515G93  WWW.AMAZON.CAON
8/17/2022,TIM HORTONS #8181  CALGARY  AB,-6.56,Restaurants,,,TIM HORTONS #8181  CALGARY  AB
8/17/2022,22029 MACS CONV. STORE  CALGARY  AB,-6.57,Retail and Grocery,,,22029 MACS CONV. STORE  CALGARY  AB
8/17/2022,MCDONALD'S #9042  CALGARY  AB,-16.00,Restaurants,,,MCDONALD'S #9042  CALGARY  AB
8/18/2022,TIM HORTONS #8181  CALGARY  AB,-6.56,Restaurants,,,TIM HORTONS #8181  CALGARY  AB
8/18/2022,22029 MACS CONV. STORE  CALGARY  AB,-6.97,Retail and Grocery,,,22029 MACS CONV. STORE  CALGARY  AB
8/18/2022,BOURBON ST. GRILL  CALGARY  AB,-13.62,Restaurants,,,BOURBON ST. GRILL  CALGARY  AB
8/19/2022,TIM HORTONS #8181  CALGARY  AB,-6.56,Restaurants,,,TIM HORTONS #8181  CALGARY  AB
8/19/2022,22029 MACS CONV. STORE  CALGARY  AB,-6.97,Retail and Grocery,,,22029 MACS CONV. STORE  CALGARY  AB
8/19/2022,A&W NORTHLAND  CALGARY  AB,-13.39,Restaurants,,,A&W NORTHLAND  CALGARY  AB
8/21/2022,CALG CO-OP GAS BAR #34  OKOTOKS  AB,-10.12,Transportation,,,CALG CO-OP GAS BAR #34  OKOTOKS  AB
8/21/2022,WENDY'S OKOTOKS  OKOTOKS  AB,-28.85,Restaurants,,,WENDY'S OKOTOKS  OKOTOKS  AB
8/21/2022,ABSOLUTE BASEBALL ACAD  CALGARY  AB,-115.50,"Hotel, Entertainment and Recreation",,,ABSOLUTE BASEBALL ACAD  CALGARY  AB
8/22/2022,COSTCO GAS W1069  OKOTOKS  AB,-99.89,Transportation,,,COSTCO GAS W1069  OKOTOKS  AB
8/22/2022,TIM HORTONS #6866  OKOTOKS  AB,-36.00,Restaurants,,,TIM HORTONS #6866  OKOTOKS  AB
8/25/2022,MACS CONVENIENCE STORE  FERNIE  BC,-8.37,Transportation,,,MACS CONVENIENCE STORE  FERNIE  BC
8/25/2022,DOMINOS PIZZA #10091  CRANBROOK BC,-79.57,Restaurants,,,DOMINOS PIZZA #10091  CRANBROOK BC
8/25/2022,HUSKY KASLO MOHAWK 1  KASLO  BC,-223.77,Transportation,,,HUSKY KASLO MOHAWK 1  KASLO  BC
8/25/2022,AINSWORTH HOT SPRINGS  AINSWORTH HOTBC,-74.00,"Hotel, Entertainment and Recreation",,,AINSWORTH HOT SPRINGS  AINSWORTH HOTBC
8/26/2022,TIM HORTONS #2013  OKOTOKS  AB,-2.07,Restaurants,,,TIM HORTONS #2013  OKOTOKS  AB
8/26/2022,MCDONALD'S #9042  CALGARY  AB,-7.00,Restaurants,,,MCDONALD'S #9042  CALGARY  AB
8/28/2022,SHELL C22534  OKOTOKS  AB,-9.40,Transportation,,,SHELL C22534  OKOTOKS  AB
8/28/2022,COSTCO GAS W1069  OKOTOKS  AB,-129.47,Transportation,,,COSTCO GAS W1069  OKOTOKS  AB
8/28/2022,PRINCESS AUTO 31  CALGARY  AB,-81.22,Professional and Financial Services,,,PRINCESS AUTO 31  CALGARY  AB
8/29/2022,Store  Calgary  AB,-12.79,Restaurants,,,Store  Calgary  AB
8/30/2022,Store  Calgary  AB,-12.79,Restaurants,,,Store  Calgary  AB
8/30/2022,TIM HORTONS #8181  CALGARY  AB,-2.07,Restaurants,,,TIM HORTONS #8181  CALGARY  AB
8/30/2022,CALG CO-OP GAS BAR #30  CALGARY  AB,-129.17,Transportation,,,CALG CO-OP GAS BAR #30  CALGARY  AB
8/30/2022,MCDONALD'S #9042  CALGARY  AB,-3.98,Restaurants,,,MCDONALD'S #9042  CALGARY  AB
8/30/2022,AMA INS CTR#85  EDMONTON AB,-2313.00,Professional and Financial Services,,,AMA INS CTR#85  EDMONTON AB
8/30/2022,AMA INS CTR#85  EDMONTON AB,-362.00,Professional and Financial Services,,,AMA INS CTR#85  EDMONTON AB
8/31/2022,TIM HORTONS #8181  CALGARY  AB,-6.42,Restaurants,,,TIM HORTONS #8181  CALGARY  AB
8/31/2022,OSMOW'S  CALGARY  AB,-11.76,Restaurants,,,OSMOW'S  CALGARY  AB
8/31/2022,OSMOW'S  CALGARY  AB,-15.10,Restaurants,,,OSMOW'S  CALGARY  AB
8/31/2022,PRINCESS AUTO 31  CALGARY  AB,-83.30,Professional and Financial Services,,,PRINCESS AUTO 31  CALGARY  AB
8/31/2022,THE HOME DEPOT #7223  OKOTOKS  AB,-129.09,Home and Office Improvement,,,THE HOME DEPOT #7223  OKOTOKS  AB
9/1/2022,VIA CIBO  CALGARY  AB,-51.32,Restaurants,,,VIA CIBO  CALGARY  AB
9/1/2022,BOURBON ST. GRILL  CALGARY  AB,-17.89,Restaurants,,,BOURBON ST. GRILL  CALGARY  AB
9/1/2022,MCDONALD'S #21761  OKOTOKS  AB,-2.07,Restaurants,,,MCDONALD'S #21761  OKOTOKS  AB
9/2/2022,VIA CIBO  CALGARY  AB,-32.60,Restaurants,,,VIA CIBO  CALGARY  AB
9/11/2022,9/12/2022,PAYMENT THANK YOU/PAIEMENT MERCI,-1000.00,,PAYMENT THANK YOU/PAIEMENT MERCI
9/27/2022,9/28/2022,PAYMENT THANK YOU/PAIEMENT MERCI,-1500.00,,PAYMENT THANK YOU/PAIEMENT MERCI
10/10/2022,10/10/2022,REGULAR PURCHASES  19.75%,-55.16,,REGULAR PURCHASES  19.75%
9/8/2022,9/12/2022,WAL-MART #3011  CALGARY  AB  Retail and Grocery,-18.87,,WAL-MART #3011  CALGARY  AB  Retail and Grocery
9/9/2022,9/12/2022,LOWES #02953*  CALGARY  AB  Home and Office Improvement,-103.29,,LOWES #02953*  CALGARY  AB  Home and Office Improvement
9/9/2022,9/12/2022,Store  Calgary  AB  Restaurants,-14.68,,Store  Calgary  AB  Restaurants
9/9/2022,9/12/2022,PIZZABERG CAFE  OKOTOKS  AB  Restaurants,-47.20,,PIZZABERG CAFE  OKOTOKS  AB  Restaurants
9/9/2022,9/12/2022,KMS TOOLS - CALGARY  CALGARY  AB  Home and Office Improvement,-674.34,,KMS TOOLS - CALGARY  CALGARY  AB  Home and Office Improvement
9/10/2022,9/12/2022,BUCKEYE BBQ  STIRLING ON  Restaurants,-36.54,,BUCKEYE BBQ  STIRLING ON  Restaurants
9/10/2022,9/12/2022,MCDONALD'S #21761  OKOTOKS  AB  Restaurants,-1.92,,MCDONALD'S #21761  OKOTOKS  AB  Restaurants
9/11/2022,9/13/2022,SUNSET BAYS CAR WASH  HIGH RIVER AB  Transportation,-15.00,,SUNSET BAYS CAR WASH  HIGH RIVER AB  Transportation
9/11/2022,9/13/2022,SUNSET BAYS CAR WASH  HIGH RIVER AB  Transportation,-11.75,,SUNSET BAYS CAR WASH  HIGH RIVER AB  Transportation
9/11/2022,9/14/2022,DAIRY QUEEN #27286  HIGH RIVER AB  Restaurants,-19.70,,DAIRY QUEEN #27286  HIGH RIVER AB  Restaurants
9/12/2022,9/13/2022,BROS TO GO  CALGARY  AB  Restaurants,-23.63,,BROS TO GO  CALGARY  AB  Restaurants
9/12/2022,9/14/2022,SAVE ON FOODS 6623  OKOTOKS  AB  Retail and Grocery,-80.83,,SAVE ON FOODS 6623  OKOTOKS  AB  Retail and Grocery
9/13/2022,9/14/2022,GOGO CHICKEN  CALGARY  AB  Restaurants,-16.71,,GOGO CHICKEN  CALGARY  AB  Restaurants
9/13/2022,9/14/2022,KMS TOOLS - CALGARY  CALGARY  AB  Home and Office Improvement,41.98,,KMS TOOLS - CALGARY  CALGARY  AB  Home and Office Improvement
9/13/2022,9/14/2022,KMS TOOLS - CALGARY  CALGARY  AB  Home and Office Improvement,-174.24,,KMS TOOLS - CALGARY  CALGARY  AB  Home and Office Improvement
9/13/2022,9/14/2022,LOWES #02953*  CALGARY  AB  Home and Office Improvement,-58.76,,LOWES #02953*  CALGARY  AB  Home and Office Improvement
9/13/2022,9/14/2022,LOWES #02953*  CALGARY  AB  Home and Office Improvement,-91.76,,LOWES #02953*  CALGARY  AB  Home and Office Improvement
9/13/2022,9/14/2022,LOWES #02953*  CALGARY  AB  Home and Office Improvement,86.08,,LOWES #02953*  CALGARY  AB  Home and Office Improvement
9/13/2022,9/15/2022,PETROCAN  CALGARY  AB  Transportation,-8.20,,PETROCAN  CALGARY  AB  Transportation
9/14/2022,9/16/2022,PETROCAN  CALGARY  AB  Transportation,-8.36,,PETROCAN  CALGARY  AB  Transportation
9/15/2022,9/16/2022,JUGO JUICE  CALGARY  AB  Restaurants,-8.41,,JUGO JUICE  CALGARY  AB  Restaurants
9/15/2022,9/16/2022,OPA001-MARKET MALL  CALGARY  AB  Restaurants,-19.37,,OPA001-MARKET MALL  CALGARY  AB  Restaurants
9/15/2022,9/19/2022,PETERS' DRIVE IN LTD.  CALGARY  AB  Restaurants,-13.70,,PETERS' DRIVE IN LTD.  CALGARY  AB  Restaurants
9/16/2022,9/19/2022,GOGO CHICKEN  CALGARY  AB  Restaurants,-18.69,,GOGO CHICKEN  CALGARY  AB  Restaurants
9/17/2022,9/19/2022,CALG CO-OP GAS BAR #30  CALGARY  AB  Transportation,-51.19,,CALG CO-OP GAS BAR #30  CALGARY  AB  Transportation
9/17/2022,9/19/2022,MCDONALD'S #21761  OKOTOKS  AB  Restaurants,-2.07,,MCDONALD'S #21761  OKOTOKS  AB  Restaurants
9/17/2022,9/19/2022,MCDONALD'S #9042  CALGARY  AB  Restaurants,-11.21,,MCDONALD'S #9042  CALGARY  AB  Restaurants
9/19/2022,9/19/2022,AMZN Mktp CA*1M76460F2  WWW.AMAZON.CAON  Personal and Household Expenses,-197.68,,AMZN Mktp CA*1M76460F2  WWW.AMAZON.CAON  Personal and Household Expenses
9/19/2022,9/20/2022,Amazon.ca*1M7T616R0  AMAZON.CA ON  Personal and Household Expenses,-254.19,,Amazon.ca*1M7T616R0  AMAZON.CA ON  Personal and Household Expenses
9/19/2022,9/20/2022,AMZN Mktp CA*1M7TQ9US1  WWW.AMAZON.CAON  Personal and Household Expenses,-29.38,,AMZN Mktp CA*1M7TQ9US1  WWW.AMAZON.CAON  Personal and Household Expenses
9/19/2022,9/20/2022,PURDYS CHOCOLATIER  CALGARY  AB  Retail and Grocery,-13.65,,PURDYS CHOCOLATIER  CALGARY  AB  Retail and Grocery
9/19/2022,9/20/2022,FAMOUS WOK  CALGARY  AB  Restaurants,-20.36,,FAMOUS WOK  CALGARY  AB  Restaurants
9/20/2022,9/22/2022,FRESON BROS #9  GRANDE PRAIRIAB  Retail and Grocery,-199.50,,FRESON BROS #9  GRANDE PRAIRIAB  Retail and Grocery
9/21/2022,9/22/2022,CALG CO-OP HOME CARE #  CALGARY  AB  Health and Education,-145.90,,CALG CO-OP HOME CARE #  CALGARY  AB  Health and Education
9/21/2022,9/22/2022,SHOPPERS DRUG MART #23  HIGH RIVER AB  Health and Education,-16.88,,SHOPPERS DRUG MART #23  HIGH RIVER AB  Health and Education
9/22/2022,9/22/2022,AMZN Mktp CA*1U5IX5J81  WWW.AMAZON.CAON  Personal and Household Expenses,-50.37,,AMZN Mktp CA*1U5IX5J81  WWW.AMAZON.CAON  Personal and Household Expenses
9/23/2022,9/26/2022,TIM HORTONS #2013  OKOTOKS  AB  Restaurants,-7.80,,TIM HORTONS #2013  OKOTOKS  AB  Restaurants
9/24/2022,9/26/2022,AMZN Mktp CA*1U90K7VT1  WWW.AMAZON.CAON  Personal and Household Expenses,-15.99,,AMZN Mktp CA*1U90K7VT1  WWW.AMAZON.CAON  Personal and Household Expenses
9/26/2022,9/28/2022,22158 MACS CONV. STORE  OKOTOKS  AB  Transportaton,-2.40,,22158 MACS CONV. STORE  OKOTOKS  AB  Transportaton
9/28/2022,10/3/2022,MCDONALD'S #21761  OKOTOKS  AB  Restaurants,-2.07,,MCDONALD'S #21761  OKOTOKS  AB  Restaurants
9/30/2022,10/3/2022,PIONEER@MALL GAS QPE  SWIFT CURRENTSK  Transportation,-67.80,,PIONEER@MALL GAS QPE  SWIFT CURRENTSK  Transportation
9/30/2022,10/3/2022,SOUTH COUNTRY CO-OP -  DUNMORE  AB  Transportation,-19.64,,SOUTH COUNTRY CO-OP -  DUNMORE  AB  Transportation
9/30/2022,10/3/2022,MCDONALD'S #21761  OKOTOKS  AB  Restaurants,-2.07,,MCDONALD'S #21761  OKOTOKS  AB  Restaurants
10/2/2022,10/4/2022,MCDONALD'S #12392  MEDICINE HAT AB  Restaurants,-26.17,,MCDONALD'S #12392  MEDICINE HAT AB  Restaurants
10/2/2022,10/7/2022,PIONEER@MALL GAS QPE  SWIFT CURRENTSK  Transportation,-15.24,,PIONEER@MALL GAS QPE  SWIFT CURRENTSK  Transportation
10/3/2022,10/5/2022,SOBEYS OKOTOKS #1130  OKOTOKS  AB  Retail and Grocery,-17.96,,SOBEYS OKOTOKS #1130  OKOTOKS  AB  Retail and Grocery
10/4/2022,10/5/2022,OPA001-MARKET MALL  CALGARY  AB  Restaurants,-19.37,,OPA001-MARKET MALL  CALGARY  AB  Restaurants
10/4/2022,10/7/2022,WAL-MART #3011  CALGARY  AB  Retail and Grocery,-6.95,,WAL-MART #3011  CALGARY  AB  Retail and Grocery
10/5/2022,10/6/2022,TIM HORTONS #8181  CALGARY  AB  Restaurants,-32.45,,TIM HORTONS #8181  CALGARY  AB  Restaurants
10/5/2022,10/6/2022,COSTCO WHOLESALE W1069  OKOTOKS  AB  Retail and Grocery,-174.19,,COSTCO WHOLESALE W1069  OKOTOKS  AB  Retail and Grocery
10/5/2022,10/7/2022,EDO MARKET MALL  CALGARY  AB  Restaurants,-14.75,,EDO MARKET MALL  CALGARY  AB  Restaurants
10/9/2022,PAYMENT THANK YOU/PAIEMENT MERCI,-1500.00,,,,PAYMENT THANK YOU/PAIEMENT MERCI
10/22/2022,PAYMENT THANK YOU/PAIEMENT MERCI,-1500.00,,,,PAYMENT THANK YOU/PAIEMENT MERCI
11/5/2022,PAYMENT THANK YOU/PAIEMENT MERCI,-2500.00,,,,PAYMENT THANK YOU/PAIEMENT MERCI
10/14/2022,CALGARY CLIMB CHINOOK CALGARY  AB,-85.05,"Hotel, Entertainment and Recreation",,,CALGARY CLIMB CHINOOK CALGARY  AB
11/2/2022,OVERLIMIT FEE,-29.00,Professional and Financial Services,,,OVERLIMIT FEE
10/6/2022,WAL-MART #3011  CALGARY  AB,-39.40,Retail and Grocery,,,WAL-MART #3011  CALGARY  AB
10/8/2022,OKOTOKS HOME HARDWARE OKOTOKS  AB,-40.38,Home and Office Improvement,,,OKOTOKS HOME HARDWARE OKOTOKS  AB
10/8/2022,WESTERN LIQUOR  OKOTOKS  AB,-40.73,Retail and Grocery,,,WESTERN LIQUOR  OKOTOKS  AB
10/8/2022,CHA CHA JOHNS  OKOTOKS  AB,-65.91,Restaurants,,,CHA CHA JOHNS  OKOTOKS  AB
10/8/2022,MCDONALD'S #21761  OKOTOKS  AB,-2.07,Restaurants,,,MCDONALD'S #21761  OKOTOKS  AB
10/9/2022,PIZZABERG CAFE  OKOTOKS  AB,-50.40,Restaurants,,,PIZZABERG CAFE  OKOTOKS  AB
10/9/2022,CDN TIRE STORE #00642 OKOTOKS  AB,-155.39,Home and Office Improvement,,,CDN TIRE STORE #00642 OKOTOKS  AB
10/9/2022,CDN TIRE STORE #00642 OKOTOKS  AB,21.00,Home and Office Improvement,,,CDN TIRE STORE #00642 OKOTOKS  AB
10/9/2022,CDN TIRE STORE #00642 OKOTOKS  AB,-186.73,Home and Office Improvement,,,CDN TIRE STORE #00642 OKOTOKS  AB
10/10/2022,FRIENDS OF ALBERTA JUB CALGARY  AB,-31.50,Restaurants,,,FRIENDS OF ALBERTA JUB CALGARY  AB
10/10/2022,FRIENDS OF ALBERTA JUB CALGARY  AB,-23.00,Restaurants,,,FRIENDS OF ALBERTA JUB CALGARY  AB
10/10/2022,MCDONALD'S #9099  CALGARY  AB,-16.78,Restaurants,,,MCDONALD'S #9099  CALGARY  AB
10/11/2022,AMZ*TwoWin Tech  WWW.AMAZON.CAON,0.03,Personal and Household Expenses,,,AMZ*TwoWin Tech  WWW.AMAZON.CAON
10/11/2022,RONA 66120  CALGARY  AB,-87.32,Home and Office Improvement,,,RONA 66120  CALGARY  AB
10/11/2022,HARVEYS #2308  CALGARY  AB,-14.06,Restaurants,,,HARVEYS #2308  CALGARY  AB
10/11/2022,HARVEYS #2308  CALGARY  AB,-6.91,Restaurants,,,HARVEYS #2308  CALGARY  AB
10/11/2022,CDN TIRE STORE #00642  OKOTOKS  AB,-136.49,Home and Office Improvement,,,CDN TIRE STORE #00642  OKOTOKS  AB
10/12/2022,COSTCO WHOLESALE W1069  OKOTOKS  AB,-263.83,Retail and Grocery,,,COSTCO WHOLESALE W1069  OKOTOKS  AB
10/12/2022,COSTCO WHOLESALE W1069  OKOTOKS  AB,-7.86,Retail and Grocery,,,COSTCO WHOLESALE W1069  OKOTOKS  AB
10/12/2022,COSTCO CANADA LIQUOR 1  OKOTOKS  AB,-55.38,Retail and Grocery,,,COSTCO CANADA LIQUOR 1  OKOTOKS  AB
10/12/2022,Northwest Vibrational  CALGARY  AB,-144.90,Personal and Household Expenses,,,Northwest Vibrational  CALGARY  AB
10/13/2022,Subway 25687  Calgary  AB,-17.25,Restaurants,,,Subway 25687  Calgary  AB
10/14/2022,PRAIRIE COTTAGE BAKE S  BROOKS  AB,-20.70,Retail and Grocery,,,PRAIRIE COTTAGE BAKE S  BROOKS  AB
10/14/2022,CWSPERMIT/PERMISSCF  GATINEAU QC,-17.85,Professional and Financial Services,,,CWSPERMIT/PERMISSCF  GATINEAU QC
10/14/2022,TERASHITA'S NO FRILLS  BROOKS  AB,-39.75,Retail and Grocery,,,TERASHITA'S NO FRILLS  BROOKS  AB
10/14/2022,CWSPERMIT/PERMISSCF  GATINEAU QC,-17.85,Professional and Financial Services,,,CWSPERMIT/PERMISSCF  GATINEAU QC
10/15/2022,RAO*AB HUNT&FISH  BURNABY  BC,-40.09,Professional and Financial Services,,,RAO*AB HUNT&FISH  BURNABY  BC
10/17/2022,PRINCESS AUTO 31  CALGARY  AB,-330.10,Professional and Financial Services,,,PRINCESS AUTO 31  CALGARY  AB
10/17/2022,LOWES #02953*  CALGARY  AB,-283.87,Home and Office Improvement,,,LOWES #02953*  CALGARY  AB
10/17/2022,MCDONALD'S #9042  CALGARY  AB,-16.64,Restaurants,,,MCDONALD'S #9042  CALGARY  AB
10/18/2022,PETROCAN  OKOTOKS  AB,-130.62,Transportation,,,PETROCAN  OKOTOKS  AB
10/18/2022,MCDONALD'S #21761  OKOTOKS  AB,-2.07,Restaurants,,,MCDONALD'S #21761  OKOTOKS  AB
10/19/2022,WAL-MART #3011  CALGARY  AB,-54.47,Retail and Grocery,,,WAL-MART #3011  CALGARY  AB
10/20/2022,FAMOUS WOK  CALGARY  AB,-20.36,Restaurants,,,FAMOUS WOK  CALGARY  AB
10/20/2022,DAIRY QUEEN/OJ #27016  CALGARY  AB,-7.44,Restaurants,,,DAIRY QUEEN/OJ #27016  CALGARY  AB
10/21/2022,PEKING GARDEN  CALGARY  AB,-20.15,Restaurants,,,PEKING GARDEN  CALGARY  AB
10/21/2022,PIZZABERG CAFE  OKOTOKS  AB,-48.00,Restaurants,,,PIZZABERG CAFE  OKOTOKS  AB
10/24/2022,MCDONALD S #9527  CALGARY  AB,-1.92,Restaurants,,,MCDONALD S #9527  CALGARY  AB
10/24/2022,MCDONALD'S #9042  CALGARY  AB,-8.58,Restaurants,,,MCDONALD'S #9042  CALGARY  AB
10/24/2022,WAL-MART #3011  CALGARY  AB,-54.55,Retail and Grocery,,,WAL-MART #3011  CALGARY  AB
10/25/2022,HARVEYS #2308  CALGARY  AB,-13.82,Restaurants,,,HARVEYS #2308  CALGARY  AB
10/25/2022,MCDONALD'S #21761  OKOTOKS  AB,-1.92,Restaurants,,,MCDONALD'S #21761  OKOTOKS  AB
10/26/2022,SECOND CUP CAFE 9113  CALGARY  AB,-4.10,Restaurants,,,SECOND CUP CAFE 9113  CALGARY  AB
10/26/2022,FAMOUS WOK  CALGARY  AB,-19.15,Restaurants,,,FAMOUS WOK  CALGARY  AB
10/26/2022,MCDONALD S #9527  CALGARY  AB,-1.92,Restaurants,,,MCDONALD S #9527  CALGARY  AB
10/27/2022,ECONO LIQUOR  OKOTOKS  AB,-24.99,Retail and Grocery,,,ECONO LIQUOR  OKOTOKS  AB
10/27/2022,LOWE'S CALGARY MACKENZ  CALGARY  AB,-89.31,Home and Office Improvement,,,LOWE'S CALGARY MACKENZ  CALGARY  AB
10/27/2022,PHO HOAI RESTAURANT IN  OKOTOKS  AB,-35.28,Restaurants,,,PHO HOAI RESTAURANT IN  OKOTOKS  AB
10/28/2022,GP LIQUOR WAREHOUSE  GRAND-PRAIRIEAB,-20.74,Retail and Grocery,,,GP LIQUOR WAREHOUSE  GRAND-PRAIRIEAB
10/28/2022,PETROCAN  CALGARY  AB,-74.71,Transportation,,,PETROCAN  CALGARY  AB
10/28/2022,PETROCAN  CALGARY  AB,-173.73,Transportation,,,PETROCAN  CALGARY  AB
10/28/2022,MCDONALD'S #21761  OKOTOKS  AB,-1.92,Restaurants,,,MCDONALD'S #21761  OKOTOKS  AB
10/29/2022,Subway 46209  Grande PrairiAB,-51.56,Restaurants,,,Subway 46209  Grande PrairiAB
10/29/2022,LIL AVA'S PIZZA  GRANDE PRAIRIAB,-94.36,Restaurants,,,LIL AVA'S PIZZA  GRANDE PRAIRIAB
10/29/2022,LASER TAG CENTRAL  GRANDE PRAIREAB,-25.00,Retail and Grocery,,,LASER TAG CENTRAL  GRANDE PRAIREAB
10/29/2022,LASER TAG CENTRAL  GRANDE PRAIREAB,-25.00,Retail and Grocery,,,LASER TAG CENTRAL  GRANDE PRAIREAB
11/22/2022,PAYMENT THANK YOU/PAIEMENT MERCI,-2000.00,,,,PAYMENT THANK YOU/PAIEMENT MERCI
11/27/2022,PAYMENT THANK YOU/PAIEMENT MERCI,-500.00,,,,PAYMENT THANK YOU/PAIEMENT MERCI
12/7/2022,PAYMENT THANK YOU/PAIEMENT MERCI,-1323.91,,,,PAYMENT THANK YOU/PAIEMENT MERCI
12/10/2022,REGULAR PURCHASES,-73.70,,,,REGULAR PURCHASES
11/21/2022,OVERLIMIT FEE,-29.00,Professional and Financial Services,,,OVERLIMIT FEE
12/8/2022,COSTCO GAS W1069  OKOTOKS  AB,-70.78,Transportation,,,COSTCO GAS W1069  OKOTOKS  AB
11/9/2022,MCDONALD'S #21761  OKOTOKS  AB,-1.05,Restaurants,,,MCDONALD'S #21761  OKOTOKS  AB
11/10/2022,FOCUSED OPTOMETRY  CALGARY  AB,-150.00,Health and Education,,,FOCUSED OPTOMETRY  CALGARY  AB
11/10/2022,MCDONALD'S #21761  OKOTOKS  AB,-1.05,Restaurants,,,MCDONALD'S #21761  OKOTOKS  AB
11/10/2022,MCDONALD'S #9042  CALGARY  AB,-10.04,Restaurants,,,MCDONALD'S #9042  CALGARY  AB
11/10/2022,Northwest Vibrational CALGARY  AB,-144.90,Personal and Household Expenses,,,Northwest Vibrational CALGARY  AB
11/11/2022,HAT NEWS AND TOBACCO 1 MEDICINE HAT AB,-64.21,Retail and Grocery,,,HAT NEWS AND TOBACCO 1 MEDICINE HAT AB
11/11/2022,COSTCO GAS W593  MEDICINE HAT AB,-75.29,Transportation,,,COSTCO GAS W593  MEDICINE HAT AB
11/11/2022,GOOGLE*IHUNTER  INTERNET NS,-26.24,Retail and Grocery,,,GOOGLE*IHUNTER  INTERNET NS
11/11/2022,MCDONALD'S #21761  OKOTOKS  AB,-1.05,Restaurants,,,MCDONALD'S #21761  OKOTOKS  AB
11/11/2022,MCDONALD'S #40626  MEDICINE HAT AB,-10.07,Restaurants,,,MCDONALD'S #40626  MEDICINE HAT AB
11/11/2022,PETROCAN  MEDICINE HAT AB,-8.79,Transportation,,,PETROCAN  MEDICINE HAT AB
11/12/2022,MCDONALD'S #12392  MEDICINE HAT AB,-1.05,Restaurants,,,MCDONALD'S #12392  MEDICINE HAT AB
11/12/2022,PETROCAN  MEDICINE HAT AB,-13.41,Transportation,,,PETROCAN  MEDICINE HAT AB
11/14/2022,BLISS & CO LTD.  CALGARY  AB,-4.46,Restaurants,,,BLISS & CO LTD.  CALGARY  AB
11/14/2022,MCDONALD'S #21761  OKOTOKS  AB,-2.72,Restaurants,,,MCDONALD'S #21761  OKOTOKS  AB
11/14/2022,WENDY'S  CALGARY  AB,-10.47,Restaurants,,,WENDY'S  CALGARY  AB
11/14/2022,SUSHI BBQ INN INC  CALGARY  AB,-172.03,Restaurants,,,SUSHI BBQ INN INC  CALGARY  AB
11/15/2022,JAMESONS PUBS BRENTWOO  CALGARY  AB,-80.23,Restaurants,,,JAMESONS PUBS BRENTWOO  CALGARY  AB
11/15/2022,MCDONALD'S #21761  OKOTOKS  AB,-1.37,Restaurants,,,MCDONALD'S #21761  OKOTOKS  AB
11/16/2022,COSTCO WHOLESALE W1069  OKOTOKS  AB,-471.50,Retail and Grocery,,,COSTCO WHOLESALE W1069  OKOTOKS  AB
11/16/2022,COSTCO WHOLESALE W1069  OKOTOKS  AB,-126.00,Retail and Grocery,,,COSTCO WHOLESALE W1069  OKOTOKS  AB
11/16/2022,COSTCO WHOLESALE W1069  OKOTOKS  AB,-7.86,Retail and Grocery,,,COSTCO WHOLESALE W1069  OKOTOKS  AB
11/16/2022,COSTCO WHOLESALE W1069  OKOTOKS  AB,-218.75,Retail and Grocery,,,COSTCO WHOLESALE W1069  OKOTOKS  AB
11/16/2022,COSTCO CANADA LIQUOR 1  OKOTOKS  AB,-83.54,Retail and Grocery,,,COSTCO CANADA LIQUOR 1  OKOTOKS  AB
11/17/2022,JAMESONS PUBS BRENTWOO  CALGARY  AB,-50.49,Restaurants,,,JAMESONS PUBS BRENTWOO  CALGARY  AB
11/17/2022,A&W #1529 ALDERSYDE  ALDERSYDE AB,-7.76,Restaurants,,,A&W #1529 ALDERSYDE  ALDERSYDE AB
11/17/2022,MCDONALD'S #21761  OKOTOKS  AB,-1.05,Restaurants,,,MCDONALD'S #21761  OKOTOKS  AB
11/17/2022,PETROCAN  ALDERSYDE  AB,-8.97,Transportation,,,PETROCAN  ALDERSYDE  AB
11/18/2022,AMZ*DGZJSM  WWW.AMAZON.CAON,0.50,Personal and Household Expenses,,,AMZ*DGZJSM  WWW.AMAZON.CAON
11/18/2022,Store  Calgary  AB,-12.79,Restaurants,,,Store  Calgary  AB
11/18/2022,BAR BURRITO  OKOTOKS  AB,-54.91,Restaurants,,,BAR BURRITO  OKOTOKS  AB
11/18/2022,TIM HORTONS #3513  OKOTOKS  AB,-3.63,Restaurants,,,TIM HORTONS #3513  OKOTOKS  AB
11/19/2022,CALG CO-OP GROCERY #14  CALGARY  AB,-100.15,Retail and Grocery,,,CALG CO-OP GROCERY #14  CALGARY  AB
11/19/2022,BROS TO GO  CALGARY  AB,-63.50,Restaurants,,,BROS TO GO  CALGARY  AB
11/19/2022,MCDONALD'S #21761  OKOTOKS  AB,-3.03,Restaurants,,,MCDONALD'S #21761  OKOTOKS  AB
11/19/2022,BOSTON PIZZA # 149  OKOTOKS  AB,-133.88,Restaurants,,,BOSTON PIZZA # 149  OKOTOKS  AB
11/21/2022,TIM HORTONS #5584  CALGARY  AB,-10.33,Restaurants,,,TIM HORTONS #5584  CALGARY  AB
11/21/2022,COSTCO WHOLESALE W1069  OKOTOKS  AB,-121.55,Retail and Grocery,,,COSTCO WHOLESALE W1069  OKOTOKS  AB
11/21/2022,EDO MARKET MALL  CALGARY  AB,-15.83,Restaurants,,,EDO MARKET MALL  CALGARY  AB
11/22/2022,Store  Calgary  AB,-18.86,Restaurants,,,Store  Calgary  AB
11/23/2022,MELTWICH FOOD CO  CALGARY  AB,-27.00,Restaurants,,,MELTWICH FOOD CO  CALGARY  AB
11/23/2022,SOBEYS OKOTOKS #1130  OKOTOKS  AB,-17.96,Retail and Grocery,,,SOBEYS OKOTOKS #1130  OKOTOKS  AB
11/23/2022,MCDONALD'S #21761  OKOTOKS  AB,-1.05,Restaurants,,,MCDONALD'S #21761  OKOTOKS  AB
11/24/2022,Store  Calgary  AB,-12.79,Restaurants,,,Store  Calgary  AB
11/24/2022,SAIGON SUN  OKOTOKS  AB,-49.24,Restaurants,,,SAIGON SUN  OKOTOKS  AB
11/25/2022,PIZZABERG CAFE  OKOTOKS  AB,-47.20,Restaurants,,,PIZZABERG CAFE  OKOTOKS  AB
11/26/2022,TIM HORTONS #6866  OKOTOKS  AB,-13.21,Restaurants,,,TIM HORTONS #6866  OKOTOKS  AB
11/26/2022,FAMOUS WOK  CALGARY  AB,-39.00,Restaurants,,,FAMOUS WOK  CALGARY  AB
11/26/2022,DAIRY QUEEN/OJ #27016  CALGARY  AB,-7.75,Restaurants,,,DAIRY QUEEN/OJ #27016  CALGARY  AB
11/27/2022,COSTCO WHOLESALE W1069  OKOTOKS  AB,-649.92,Retail and Grocery,,,COSTCO WHOLESALE W1069  OKOTOKS  AB
11/27/2022,COSTCO WHOLESALE W1069  OKOTOKS  AB,-125.70,Retail and Grocery,,,COSTCO WHOLESALE W1069  OKOTOKS  AB
11/27/2022,PEAVEY MART #075  HIGH RIVER AB,-42.49,Home and Office Improvement,,,PEAVEY MART #075  HIGH RIVER AB
11/28/2022,WAL-MART #3011  CALGARY  AB,-3.44,Retail and Grocery,,,WAL-MART #3011  CALGARY  AB
11/29/2022,MCDONALD'S #21761  OKOTOKS  AB,-1.37,Restaurants,,,MCDONALD'S #21761  OKOTOKS  AB
11/30/2022,Five Guys 1963  Calgary  AB,-46.54,Restaurants,,,Five Guys 1963  Calgary  AB
11/30/2022,ANDREW & JESSICA'S NO  HIGH RIVER AB,-44.46,Retail and Grocery,,,ANDREW & JESSICA'S NO  HIGH RIVER AB
11/30/2022,SHOPPERS DRUG MART #23  HIGH RIVER AB,-88.20,Health and Education,,,SHOPPERS DRUG MART #23  HIGH RIVER AB
11/10/2021,11/11/2021,AMZ*D&D SUPPLIES CORPWWW.AMAZON.CAON,0.01,,AMZ*D&D SUPPLIES CORPWWW.AMAZON.CAON
11/17/2021,11/18/2021,COSTCO WHOLESALE W1069OKOTOKSAB,246.73,,COSTCO WHOLESALE W1069OKOTOKSAB
12/3/2021,12/6/2021,SL.NORD* VPNCOM3022619338NY,103.69,,SL.NORD* VPNCOM3022619338NY
11/9/2021,11/11/2021,MCDONALD S #9527CALGARYAB,-15.97,,MCDONALD S #9527CALGARYAB
11/10/2021,11/11/2021,TIM HORTONS #1757CALGARYAB,-36.17,,TIM HORTONS #1757CALGARYAB
11/10/2021,11/12/2021,MCDONALD S #9527CALGARYAB,-7.54,,MCDONALD S #9527CALGARYAB
11/11/2021,11/13/2021,MCDONALD'S #21761OKOTOKSAB,-10.99,,MCDONALD'S #21761OKOTOKSAB
11/13/2021,11/15/2021,BRAVO PIZZASOKOTOKSAB,-61.95,,BRAVO PIZZASOKOTOKSAB
11/13/2021,11/15/2021,MCDONALD S #9527CALGARYAB,-2.93,,MCDONALD S #9527CALGARYAB
11/13/2021,11/15/2021,MCDONALD'S #21761OKOTOKSAB,-7.12,,MCDONALD'S #21761OKOTOKSAB
11/13/2021,11/15/2021,MICKELSON NATIONAL GOLROCKY VIEW COAB,-109.00,,MICKELSON NATIONAL GOLROCKY VIEW COAB
11/14/2021,11/15/2021,TIM HORTONS #2013OKOTOKSAB,-7.93,,TIM HORTONS #2013OKOTOKSAB
11/14/2021,11/16/2021,PETROCANOKOTOKSAB,-8.79,,PETROCANOKOTOKSAB
11/15/2021,11/16/2021,COSTCO WHOLESALE W1069OKOTOKSAB,-528.47,,COSTCO WHOLESALE W1069OKOTOKSAB
11/15/2021,11/16/2021,COSTCO CANADA LIQUOR 1OKOTOKSAB,-80.28,,COSTCO CANADA LIQUOR 1OKOTOKSAB
11/17/2021,11/18/2021,KMS TOOLS - CALGARYCALGARYAB,-445.81,,KMS TOOLS - CALGARYCALGARYAB
11/17/2021,11/18/2021,PHO THANH NGA VIETNAMECALGARYAB,-43.37,,PHO THANH NGA VIETNAMECALGARYAB
11/17/2021,11/20/2021,A&W #1539CALGARYAB,-12.90,,A&W #1539CALGARYAB
11/18/2021,11/19/2021,CALENDAR CLUB OF CANADCALGARYAB,-59.83,,CALENDAR CLUB OF CANADCALGARYAB
11/18/2021,11/20/2021,MCDONALD S #9527CALGARYAB,-8.37,,MCDONALD S #9527CALGARYAB
11/19/2021,11/19/2021,Subway 43248OkotoksAB,-21.53,,Subway 43248OkotoksAB
11/19/2021,11/20/2021,ROCKET PIE INCCANMOREAB,-111.01,,ROCKET PIE INCCANMOREAB
11/19/2021,11/22/2021,MCDONALD S #9527CALGARYAB,-6.92,,MCDONALD S #9527CALGARYAB
11/19/2021,11/22/2021,ANGRY BEAR GROWLERSCANMOREAB,-30.77,,ANGRY BEAR GROWLERSCANMOREAB
11/20/2021,11/22/2021,GOURLAY'S CLINIC PHARMCANMOREAB,-44.07,,GOURLAY'S CLINIC PHARMCANMOREAB
11/20/2021,11/22/2021,THE DRAKE PUBCANMOREAB,-120.62,,THE DRAKE PUBCANMOREAB
11/20/2021,11/22/2021,THE DRAKE PUBCANMOREAB,-54.54,,THE DRAKE PUBCANMOREAB
11/21/2021,11/22/2021,BAR BURRITOOKOTOKSAB,-24.84,,BAR BURRITOOKOTOKSAB
11/21/2021,11/23/2021,SOBEYS OKOTOKS #1130OKOTOKSAB,-22.11,,SOBEYS OKOTOKS #1130OKOTOKSAB
11/22/2021,11/23/2021,THAI EXPRESS/HAI401OKOTOKSAB,-28.61,,THAI EXPRESS/HAI401OKOTOKSAB
11/22/2021,11/26/2021,A&W #1539CALGARYAB,-12.90,,A&W #1539CALGARYAB
11/23/2021,11/24/2021,COSTCO WHOLESALE W1069OKOTOKSAB,-259.96,,COSTCO WHOLESALE W1069OKOTOKSAB
11/23/2021,11/24/2021,COSTCO WHOLESALE W1069OKOTOKSAB,-92.51,,COSTCO WHOLESALE W1069OKOTOKSAB
11/23/2021,11/26/2021,MCDONALD'S #9171CALGARYAB,-12.74,,MCDONALD'S #9171CALGARYAB
11/24/2021,11/26/2021,CDN TIRE STORE #00642OKOTOKSAB,-141.92,,CDN TIRE STORE #00642OKOTOKSAB
11/24/2021,11/26/2021,CDN TIRE STORE #00642OKOTOKSAB,-215.04,,CDN TIRE STORE #00642OKOTOKSAB
11/25/2021,11/26/2021,WENDY'S COCHRANECOCHRANEAB,-10.77,,WENDY'S COCHRANECOCHRANEAB
11/25/2021,11/26/2021,CLASSIC SOURCE FOR SPOOKOTOKSAB,-62.99,,CLASSIC SOURCE FOR SPOOKOTOKSAB
11/25/2021,11/27/2021,BOLT SUPPLY HOUSE#5CALGARYAB,-301.79,,BOLT SUPPLY HOUSE#5CALGARYAB
11/25/2021,11/27/2021,CDN TIRE STORE #00493COCHRANEAB,-659.62,,CDN TIRE STORE #00493COCHRANEAB
11/25/2021,11/27/2021,PETROCANALDERSYDEAB,-2.19,,PETROCANALDERSYDEAB
11/26/2021,11/27/2021,OK TIRECOCHRANEAB,-94.67,,OK TIRECOCHRANEAB
11/27/2021,11/29/2021,SL.NORD* VPNCOM3022619338NY,-103.69,,SL.NORD* VPNCOM3022619338NY
11/29/2021,12/1/2021,MCDONALD S #9527CALGARYAB,-29.24,,MCDONALD S #9527CALGARYAB
11/29/2021,12/1/2021,SHOPPERS DRUG MART #23HIGH RIVERAB,-21.03,,SHOPPERS DRUG MART #23HIGH RIVERAB
11/30/2021,12/1/2021,MCDONALD S #9527CALGARYAB,-29.24,,MCDONALD S #9527CALGARYAB
11/30/2021,12/2/2021,MCDONALD'S #21761OKOTOKSAB,-25.46,,MCDONALD'S #21761OKOTOKSAB
12/1/2021,12/2/2021,TIM HORTONS #2013OKOTOKSAB,-21.07,,TIM HORTONS #2013OKOTOKSAB
12/2/2021,12/4/2021,SOBEYS OKOTOKS #1130OKOTOKSAB,-17.96,,SOBEYS OKOTOKS #1130OKOTOKSAB
12/2/2021,12/4/2021,SOBEYS LIQUOR #1708OKOTOKSAB,-37.53,,SOBEYS LIQUOR #1708OKOTOKSAB
12/3/2021,12/6/2021,A&W #1735 LEGACYCALGARYAB,-12.17,,A&W #1735 LEGACYCALGARYAB
12/4/2021,12/6/2021,PrimeVideo.c*CQ2GH6CL3www.amazon.caBC,-8.39,,PrimeVideo.c*CQ2GH6CL3www.amazon.caBC
12/4/2021,12/6/2021,TIM HORTONS #2013OKOTOKSAB,-19.05,,TIM HORTONS #2013OKOTOKSAB
12/4/2021,12/6/2021,MyAlberta Fine PaymentEDMONTONAB,-291.00,,MyAlberta Fine PaymentEDMONTONAB
12/4/2021,12/6/2021,SAIGON SUNOKOTOKSAB,-30.35,,SAIGON SUNOKOTOKSAB
12/6/2021,12/8/2021,MCDONALD'S #9194CALGARYAB,-12.63,,MCDONALD'S #9194CALGARYAB
12/7/2021,12/10/2021,A&W #1742COCHRANEAB,-14.48,,A&W #1742COCHRANEAB
12/8/2021,12/9/2021,PRINCESS AUTO 31CALGARYAB,-391.73,,PRINCESS AUTO 31CALGARYAB
12/8/2021,12/10/2021,PETROCANCOCHRANEAB,-12.85,,PETROCANCOCHRANEAB
12/8/2021,12/10/2021,MCDONALD'S #21714HIGH RIVERAB,-9.11,,MCDONALD'S #21714HIGH RIVERAB
12/10/2021,12/10/2021,Subway 57349CochraneAB,-12.49,,Subway 57349CochraneAB
11/14/2021,11/15/2021,PAYMENT,1284.04,,PAYMENT
11/18/2021,11/19/2021,PAYMENT,2066.00,,PAYMENT
11/29/2021,11/30/2021,PAYMENT,2630.00,,PAYMENT
12/10/2021,12/10/2021,INTEREST CHARGES,-5.47,,INTEREST CHARGES
12/19/2021,12/20/2021,PAYMENT,2378.75,,PAYMENT
12/28/2021,12/29/2021,PAYMENT,1500.00,,PAYMENT
12/28/2021,12/29/2021,PAYMENT,1500.00,,PAYMENT
1/6/2022,1/7/2022,PAYMENT,1500.00,,PAYMENT
1/9/2022,1/10/2022,PAYMENT,464.00,,PAYMENT
1/9/2022,1/10/2022,PAYMENT,1200.00,,PAYMENT
12/9/2021,12/11/2021,CDN TIRE STORE #00493COCHRANEAB,-33.57,,CDN TIRE STORE #00493COCHRANEAB
12/9/2021,12/11/2021,MCDONALD'S #40479OKOTOKSAB,-11.10,,MCDONALD'S #40479OKOTOKSAB
12/9/2021,12/11/2021,#5123 SPORT CHEKCOCHRANEAB,-755.70,,#5123 SPORT CHEKCOCHRANEAB
12/10/2021,12/11/2021,GONITEHAWK.COMGRANDE PRAIRIAB,-131.39,,GONITEHAWK.COMGRANDE PRAIRIAB
12/10/2021,12/11/2021,BURGER KING #20494VALLEYVIEWAB,-11.43,,BURGER KING #20494VALLEYVIEWAB
12/10/2021,12/13/2021,THE BEER SELLERCLAIRMONTAB,-16.75,,THE BEER SELLERCLAIRMONTAB
12/10/2021,12/13/2021,MCDONALD S #9527CALGARYAB,-12.55,,MCDONALD S #9527CALGARYAB
12/11/2021,12/13/2021,NITEHAWK YEAR-ROUND ADGROVEDALEAB,-40.50,,NITEHAWK YEAR-ROUND ADGROVEDALEAB
12/11/2021,12/13/2021,LODGES OF CANMORE LTDCANMOREAB,-515.20,,LODGES OF CANMORE LTDCANMOREAB
12/11/2021,12/13/2021,SHELL C22474CLAIRMONTAB,-30.73,,SHELL C22474CLAIRMONTAB
12/12/2021,12/13/2021,Subway 54383Grande PrairiAB,-43.02,,Subway 54383Grande PrairiAB
12/12/2021,12/13/2021,SEXSMITH GROCERYSEXSMITHAB,-5.72,,SEXSMITH GROCERYSEXSMITHAB
12/12/2021,12/14/2021,MCDONALD'S #40643CLAIRMONTAB,-16.88,,MCDONALD'S #40643CLAIRMONTAB
12/12/2021,12/15/2021,REDWOOD INN & SUITESCLAIRMONTAB,-364.06,,REDWOOD INN & SUITESCLAIRMONTAB
12/13/2021,12/15/2021,#5117 SPORT CHEKOKOTOKSAB,-52.50,,#5117 SPORT CHEKOKOTOKSAB
12/14/2021,12/15/2021,THAI EXPRESS/HAI401OKOTOKSAB,-33.28,,THAI EXPRESS/HAI401OKOTOKSAB
12/14/2021,12/16/2021,MCDONALD S #9527CALGARYAB,-12.00,,MCDONALD S #9527CALGARYAB
12/15/2021,12/16/2021,AMZN Mktp CA*KP1ME4TX3WWW.AMAZON.CAON,-217.81,,AMZN Mktp CA*KP1ME4TX3WWW.AMAZON.CAON
12/15/2021,12/16/2021,BLUE SPRUCE AUTO PARTSHIGH RIVERAB,-183.30,,BLUE SPRUCE AUTO PARTSHIGH RIVERAB
12/15/2021,12/16/2021,COCHRANE NAPA AUTO PARCOCHRANEAB,-438.92,,COCHRANE NAPA AUTO PARCOCHRANEAB
12/15/2021,12/16/2021,BARBURRITOAIRDRIEAB,-16.86,,BARBURRITOAIRDRIEAB
12/16/2021,12/16/2021,AMZN Mktp CA*DG68D8V83WWW.AMAZON.CAON,-17.84,,AMZN Mktp CA*DG68D8V83WWW.AMAZON.CAON
12/16/2021,12/16/2021,AMZN Mktp CA*090NI1VQ3WWW.AMAZON.CAON,-138.16,,AMZN Mktp CA*090NI1VQ3WWW.AMAZON.CAON
12/17/2021,12/17/2021,AMZN Mktp CA*4D80H2GR3WWW.AMAZON.CAON,-167.97,,AMZN Mktp CA*4D80H2GR3WWW.AMAZON.CAON
12/21/2021,12/22/2021,OA-GREAT CANADIAN OILOKOTOKSAB,-241.99,,OA-GREAT CANADIAN OILOKOTOKSAB
12/21/2021,12/23/2021,THE HOME DEPOT #7223OKOTOKSAB,-1.67,,THE HOME DEPOT #7223OKOTOKSAB
12/22/2021,12/23/2021,PEAVEY MART #075HIGH RIVERAB,-209.99,,PEAVEY MART #075HIGH RIVERAB
12/22/2021,12/23/2021,RONA 66120CALGARYAB,-49.13,,RONA 66120CALGARYAB
12/22/2021,12/24/2021,MCDONALD'S #40670COCHRANEAB,-10.05,,MCDONALD'S #40670COCHRANEAB
12/23/2021,12/27/2021,MCDONALD'S #40670COCHRANEAB,-11.00,,MCDONALD'S #40670COCHRANEAB
12/24/2021,12/27/2021,CALG CO-OP WINES & SPIOKOTOKSAB,-84.70,,CALG CO-OP WINES & SPIOKOTOKSAB
12/26/2021,12/28/2021,PETROCANALDERSYDEAB,-123.62,,PETROCANALDERSYDEAB
12/27/2021,12/29/2021,CDN TIRE STORE #00642OKOTOKSAB,-972.28,,CDN TIRE STORE #00642OKOTOKSAB
12/28/2021,12/29/2021,CHAPTERS 909CALGARYAB,-110.20,,CHAPTERS 909CALGARYAB
12/28/2021,12/29/2021,AM PM LIMOCALGARYAB,-276.75,,AM PM LIMOCALGARYAB
12/28/2021,12/30/2021,MCDONALD'S #40479OKOTOKSAB,-7.97,,MCDONALD'S #40479OKOTOKSAB
12/28/2021,12/30/2021,MASTERMIND - SHAWNESSYCALGARYAB,-218.29,,MASTERMIND - SHAWNESSYCALGARYAB
12/28/2021,12/30/2021,JERUSALEM SHAWARMACALGARYAB,-32.30,,JERUSALEM SHAWARMACALGARYAB
12/29/2021,12/30/2021,DOLLARAMA # 673OKOTOKSAB,-54.24,,DOLLARAMA # 673OKOTOKSAB
12/29/2021,12/31/2021,THE HOME DEPOT #7223OKOTOKSAB,-51.78,,THE HOME DEPOT #7223OKOTOKSAB
12/29/2021,12/31/2021,MCDONALD'S #21761OKOTOKSAB,-10.06,,MCDONALD'S #21761OKOTOKSAB
12/30/2021,1/3/2022,A&W 0597 SPARWOODSPARWOODBC,-9.20,,A&W 0597 SPARWOODSPARWOODBC
1/2/2022,1/3/2022,Amazon.ca Prime Memberamazon.ca/priBC,-82.95,,Amazon.ca Prime Memberamazon.ca/priBC
1/2/2022,1/3/2022,MCDONALD'S #40018FERNIEBC,-53.69,,MCDONALD'S #40018FERNIEBC
1/3/2022,1/3/2022,PrimeVideo.c*LN8XF04M3www.amazon.caBC,-7.34,,PrimeVideo.c*LN8XF04M3www.amazon.caBC
1/3/2022,1/5/2022,MOBIL@ - 3870HIGH RIVERAB,-164.59,,MOBIL@ - 3870HIGH RIVERAB
1/3/2022,1/5/2022,MCDONALD'S #9114CALGARYAB,-38.14,,MCDONALD'S #9114CALGARYAB
1/4/2022,1/8/2022,DAIRY QUEEN #27213CALGARYAB,-16.97,,DAIRY QUEEN #27213CALGARYAB
1/7/2022,1/8/2022,COSTCO WHOLESALE W1069OKOTOKSAB,-245.41,,COSTCO WHOLESALE W1069OKOTOKSAB
1/7/2022,1/8/2022,COSTCO WHOLESALE W1069OKOTOKSAB,-41.99,,COSTCO WHOLESALE W1069OKOTOKSAB
1/7/2022,1/10/2022,MCDONALD S #9527CALGARYAB,-11.10,,MCDONALD S #9527CALGARYAB
1/8/2022,1/10/2022,TELUS MOBILITYTORONTOON,-273.99,,TELUS MOBILITYTORONTOON
1/8/2022,1/10/2022,PETROCANCOCHRANEAB,-11.21,,PETROCANCOCHRANEAB
1/8/2022,1/10/2022,MCDONALD S #9527CALGARYAB,-6.29,,MCDONALD S #9527CALGARYAB
1/10/2022,1/10/2022,"OVERLIMIT FEE DEC 17, 2021",-29.00,,"OVERLIMIT FEE DEC 17, 2021"
1/11/2022,Jan 12,PEAVEY MART #075HIGH RIVERAB,209.99,,PEAVEY MART #075HIGH RIVERAB
1/31/2022,Feb 1,PRINCESS AUTO 31CALGARYAB,1049.99,,PRINCESS AUTO 31CALGARYAB
1/11/2022,Jan 12,SHELL C22613COCHRANEAB,-10.75,,SHELL C22613COCHRANEAB
1/12/2022,Jan 14,SOBEYS OKOTOKS #1130OKOTOKSAB,-65.82,,SOBEYS OKOTOKS #1130OKOTOKSAB
1/13/2022,Jan 14,TIM HORTONS #5338CALGARYAB,-60.99,,TIM HORTONS #5338CALGARYAB
1/13/2022,Jan 15,MCDONALD'S #21761OKOTOKSAB,-11.10,,MCDONALD'S #21761OKOTOKSAB
1/13/2022,Jan 17,PETROCANALDERSYDEAB,-19.00,,PETROCANALDERSYDEAB
1/14/2022,Jan 15,BIG SKY BBQ PITOKOTOKSAB,-22.67,,BIG SKY BBQ PITOKOTOKSAB
1/14/2022,Jan 17,STORE #37791CALGARYAB,-18.33,,STORE #37791CALGARYAB
1/15/2022,Jan 15,Microsoft*Microsoft 36MississaugaON,-114.45,,Microsoft*Microsoft 36MississaugaON
1/15/2022,Jan 17,SHELL C22534OKOTOKSAB,-176.55,,SHELL C22534OKOTOKSAB
1/15/2022,Jan 17,OKOTOKS HOME HARDWAREOKOTOKSAB,-16.26,,OKOTOKS HOME HARDWAREOKOTOKSAB
1/15/2022,Jan 17,BK # 20792OKOTOKSAB,-23.28,,BK # 20792OKOTOKSAB
1/15/2022,Jan 17,MCDONALD'S #21761OKOTOKSAB,-11.22,,MCDONALD'S #21761OKOTOKSAB
1/18/2022,Jan 19,DOLLARAMA #1310CALGARYAB,-19.83,,DOLLARAMA #1310CALGARYAB
1/20/2022,Jan 21,A&W #1529 ALDERSYDEALDERSYDEAB,-3.98,,A&W #1529 ALDERSYDEALDERSYDEAB
1/20/2022,Jan 22,A&W #1529 ALDERSYDEALDERSYDEAB,-6.60,,A&W #1529 ALDERSYDEALDERSYDEAB
1/20/2022,Jan 22,MCDONALD S #9554CALGARYAB,-10.89,,MCDONALD S #9554CALGARYAB
1/20/2022,Jan 24,PETROCANALDERSYDEAB,-11.39,,PETROCANALDERSYDEAB
1/21/2022,Jan 22,ROCKY MOUNTAIN BURGERROCKY MOUNTAIAB,-12.30,,ROCKY MOUNTAIN BURGERROCKY MOUNTAIAB
1/21/2022,Jan 24,TIM HORTONS #1757CALGARYAB,-9.54,,TIM HORTONS #1757CALGARYAB
1/22/2022,Jan 24,Subway 46209Grande PrairiAB,-70.65,,Subway 46209Grande PrairiAB
1/22/2022,Jan 24,LIL AVA'S PIZZAGRANDE PRAIRIAB,-75.67,,LIL AVA'S PIZZAGRANDE PRAIRIAB
1/23/2022,Jan 24,Subway 54383Grande PrairiAB,-7.17,,Subway 54383Grande PrairiAB
1/23/2022,Jan 24,TAGS FOOD AND GASSEXSMITHAB,-3.76,,TAGS FOOD AND GASSEXSMITHAB
1/23/2022,Jan 24,EAT YOUR HEART OUT INCGRANDE PRAIRIAB,-3.00,,EAT YOUR HEART OUT INCGRANDE PRAIRIAB
1/23/2022,Jan 24,EAT YOUR HEART OUT INCGRANDE PRAIRIAB,-46.00,,EAT YOUR HEART OUT INCGRANDE PRAIRIAB
1/23/2022,Jan 24,A&W #1529 ALDERSYDEALDERSYDEAB,-9.74,,A&W #1529 ALDERSYDEALDERSYDEAB
1/23/2022,Jan 24,CARL#S JRRED DEER COUNAB,-13.11,,CARL#S JRRED DEER COUNAB
1/23/2022,Jan 25,SHELL C22474CLAIRMONTAB,-241.34,,SHELL C22474CLAIRMONTAB
1/23/2022,Jan 26,REDWOOD INN & SUITESCLAIRMONTAB,-338.99,,REDWOOD INN & SUITESCLAIRMONTAB
1/24/2022,Jan 25,Subway 10362CalgaryAB,-15.21,,Subway 10362CalgaryAB
1/24/2022,Jan 25,OKOTOKS PIZZA & DONAIROKOTOKSAB,-61.91,,OKOTOKS PIZZA & DONAIROKOTOKSAB
1/25/2022,Jan 26,HERITAGE POINTE GAS PLDE WINTONAB,-3.49,,HERITAGE POINTE GAS PLDE WINTONAB
1/25/2022,Jan 26,COSTCO WHOLESALE W1069OKOTOKSAB,-415.67,,COSTCO WHOLESALE W1069OKOTOKSAB
1/26/2022,Jan 27,COSTCO WHOLESALE W1069OKOTOKSAB,-20.99,,COSTCO WHOLESALE W1069OKOTOKSAB
1/26/2022,Jan 27,A & W #1813CALGARYAB,-40.92,,A & W #1813CALGARYAB
1/26/2022,Jan 27,COSTCO CANADA LIQUOR 1OKOTOKSAB,-183.26,,COSTCO CANADA LIQUOR 1OKOTOKSAB
1/26/2022,Jan 28,PETROCANCALGARYAB,-88.50,,PETROCANCALGARYAB
1/27/2022,Jan 28,KMS TOOLS - CALGARYCALGARYAB,-2341.33,,KMS TOOLS - CALGARYCALGARYAB
1/27/2022,Jan 28,PAPA JOHN'S PIZZA # 12587-943-3397AB,-95.10,,PAPA JOHN'S PIZZA # 12587-943-3397AB
1/27/2022,Jan 29,A&W #1529 ALDERSYDEALDERSYDEAB,-13.17,,A&W #1529 ALDERSYDEALDERSYDEAB
1/27/2022,Jan 29,MCDONALD'S #40479OKOTOKSAB,-1.88,,MCDONALD'S #40479OKOTOKSAB
1/27/2022,Jan 31,PETROCANALDERSYDEAB,-9.53,,PETROCANALDERSYDEAB
1/27/2022,Jan 31,PETROCANALDERSYDEAB,-88.04,,PETROCANALDERSYDEAB
1/28/2022,Jan 29,Subway 67498CalgaryAB,-22.65,,Subway 67498CalgaryAB
1/29/2022,Jan 31,MCDONALD S #9527CALGARYAB,-12.95,,MCDONALD S #9527CALGARYAB
1/30/2022,Jan 31,MCDONALD S #9527CALGARYAB,-13.84,,MCDONALD S #9527CALGARYAB
1/30/2022,Jan 31,UNCLE KOKOTOKSAB,-39.06,,UNCLE KOKOTOKSAB
1/31/2022,Feb 1,MCDONALD S #9527CALGARYAB,-14.00,,MCDONALD S #9527CALGARYAB
2/1/2022,Feb 3,SOBEYS OKOTOKS #1130OKOTOKSAB,-22.45,,SOBEYS OKOTOKS #1130OKOTOKSAB
2/3/2022,Feb 4,BAR BURRITOOKOTOKSAB,-26.06,,BAR BURRITOOKOTOKSAB
2/3/2022,Feb 5,MCDONALD'S #40771CALGARYAB,-12.00,,MCDONALD'S #40771CALGARYAB
2/4/2022,Feb 5,TIM HORTONS #2013OKOTOKSAB,-3.37,,TIM HORTONS #2013OKOTOKSAB
2/4/2022,Feb 7,MCDONALD S #9527CALGARYAB,-11.10,,MCDONALD S #9527CALGARYAB
2/4/2022,Feb 7,WENDY'S 6863WHITECOURTAB,-11.09,,WENDY'S 6863WHITECOURTAB
2/5/2022,Feb 7,GP NORTH QUIZNOSCLAIRMONTAB,-29.19,,GP NORTH QUIZNOSCLAIRMONTAB
2/5/2022,Feb 7,LIL AVA'S PIZZAGRANDE PRAIRIAB,-99.95,,LIL AVA'S PIZZAGRANDE PRAIRIAB
2/5/2022,Feb 7,THE BEER SELLERCLAIRMONTAB,-17.80,,THE BEER SELLERCLAIRMONTAB
2/5/2022,Feb 7,SHELL C22474CLAIRMONTAB,-6.79,,SHELL C22474CLAIRMONTAB
2/5/2022,Feb 7,SHELL C22474CLAIRMONTAB,-21.03,,SHELL C22474CLAIRMONTAB
2/5/2022,Feb 7,MCDONALD'S #40643CLAIRMONTAB,-30.20,,MCDONALD'S #40643CLAIRMONTAB
2/6/2022,Feb 9,DAIRY QUEEN #27096WHITECOURTAB,-21.38,,DAIRY QUEEN #27096WHITECOURTAB
2/6/2022,Feb 9,REDWOOD INN & SUITESCLAIRMONTAB,-355.34,,REDWOOD INN & SUITESCLAIRMONTAB
2/7/2022,Feb 8,RONA 66120CALGARYAB,-222.04,,RONA 66120CALGARYAB
2/7/2022,Feb 9,MCDONALD S #9527CALGARYAB,-6.17,,MCDONALD S #9527CALGARYAB
2/7/2022,Feb 9,MCDONALD S #9527CALGARYAB,-11.10,,MCDONALD S #9527CALGARYAB
2/8/2022,Feb 10,PETROCANCALGARYAB,-7.75,,PETROCANCALGARYAB
2/8/2022,Feb 10,MCDONALD S #9527CALGARYAB,-9.93,,MCDONALD S #9527CALGARYAB
2/9/2022,Feb 10,PRINCESS AUTO 31CALGARYAB,-61.56,,PRINCESS AUTO 31CALGARYAB
2/9/2022,Feb 10,PRINCESS AUTO 31CALGARYAB,-861.14,,PRINCESS AUTO 31CALGARYAB
2/2/2022,Feb 3,PAYMENT,2200.00,,PAYMENT
2/13/2022,2/14/2022,PAYMENT,,2500.00,,PAYMENT
2/23/2022,2/24/2022,PAYMENT,,1000.00,,PAYMENT
3/7/2022,3/9/2022,PAYMENT,,2000.00,,PAYMENT
2/10/2022,2/11/2022,SHELL C00188  CALGARY  AB,Transportation,-25.60,,SHELL C00188  CALGARY  AB
2/10/2022,2/11/2022,HUSKY BOW TRAIL 1166 CALGARY  AB,Transportation,-18.49,,HUSKY BOW TRAIL 1166 CALGARY  AB
2/10/2022,2/12/2022,A&W #1529 ALDERSYDE  ALDERSYDE AB,Restaurants,-13.17,,A&W #1529 ALDERSYDE  ALDERSYDE AB
2/10/2022,2/12/2022,MCDONALD S #9554  CALGARY  AB,Restaurants,-10.38,,MCDONALD S #9554  CALGARY  AB
2/11/2022,2/12/2022,OKOTOKS PIZZA & DONAIR OKOTOKS  AB,Restaurants,-52.88,,OKOTOKS PIZZA & DONAIR OKOTOKS  AB
2/11/2022,2/14/2022,MCDONALD'S #21761  OKOTOKS  AB,Restaurants,-1.58,,MCDONALD'S #21761  OKOTOKS  AB
2/11/2022,2/14/2022,WENDY'S  CALGARY  AB,Restaurants,-9.31,,WENDY'S  CALGARY  AB
2/12/2022,2/14/2022,MCDONALD'S #21761  OKOTOKS  AB,Restaurants,-14.26,,MCDONALD'S #21761  OKOTOKS  AB
2/12/2022,2/15/2022,FRESON BROS #9  GRANDE PRAIRIAB,Retail and Grocery,-220.50,,FRESON BROS #9  GRANDE PRAIRIAB
2/13/2022,2/14/2022,LAUNCHPAD GOLF  ROCKY VIEW COAB,"Hotel, Entertainment and Recreation",-307.84,,LAUNCHPAD GOLF  ROCKY VIEW COAB
2/14/2022,2/15/2022,BIG SKY BBQ PIT  OKOTOKS  AB,Restaurants,-85.61,,BIG SKY BBQ PIT  OKOTOKS  AB
2/14/2022,2/16/2022,THE HOME DEPOT #7223 OKOTOKS  AB,Home and Office Improvement,-319.37,,THE HOME DEPOT #7223 OKOTOKS  AB
2/14/2022,2/16/2022,PETROCAN  CALGARY  AB,Transportation,-9.32,,PETROCAN  CALGARY  AB
2/14/2022,2/16/2022,PETROCAN  CALGARY  AB,Transportation,-180.53,,PETROCAN  CALGARY  AB
2/14/2022,2/16/2022,MCDONALD S #9527  CALGARY  AB,Restaurants,-13.29,,MCDONALD S #9527  CALGARY  AB
2/15/2022,2/17/2022,MCDONALD S #9527  CALGARY  AB,Restaurants,-13.29,,MCDONALD S #9527  CALGARY  AB
2/16/2022,2/18/2022,FTN TIRE F021  CALGARY  AB,Transportation,-51.40,,FTN TIRE F021  CALGARY  AB
2/16/2022,2/18/2022,MyAlberta Fine Payment EDMONTON AB,Professional and Financial Services,-243.00,,MyAlberta Fine Payment EDMONTON AB
2/16/2022,2/18/2022,MCDONALD S #9527  CALGARY  AB,Restaurants,-13.29,,MCDONALD S #9527  CALGARY  AB
2/17/2022,2/19/2022,A&W #1529 ALDERSYDE  ALDERSYDE AB,Restaurants,-12.12,,A&W #1529 ALDERSYDE  ALDERSYDE AB
2/17/2022,2/19/2022,MCDONALD S #9527  CALGARY  AB,Restaurants,-5.00,,MCDONALD S #9527  CALGARY  AB
2/18/2022,2/19/2022,TIM HORTONS #2013  OKOTOKS  AB,Restaurants,-8.23,,TIM HORTONS #2013  OKOTOKS  AB
2/18/2022,2/21/2022,MCDONALD S #9527  CALGARY  AB,Restaurants,-14.34,,MCDONALD S #9527  CALGARY  AB
2/19/2022,2/19/2022,SQ *PIZZA FACE YYC @ C  Calgary  AB,Restaurants,-26.58,,SQ *PIZZA FACE YYC @ C  Calgary  AB
2/19/2022,2/21/2022,SHELL C05838  CLARESHOLM AB,Transportation,-25.60,,SHELL C05838  CLARESHOLM AB
2/23/2022,2/24/2022,COSTCO WHOLESALE W1069  OKOTOKS  AB,Retail and Grocery,-407.55,,COSTCO WHOLESALE W1069  OKOTOKS  AB
2/23/2022,2/24/2022,COSTCO WHOLESALE W1069  OKOTOKS  AB,Retail and Grocery,-73.83,,COSTCO WHOLESALE W1069  OKOTOKS  AB
2/23/2022,2/24/2022,DOLLARAMA # 673  OKOTOKS  AB,Retail and Grocery,-52.42,,DOLLARAMA # 673  OKOTOKS  AB
2/23/2022,2/24/2022,COSTCO CANADA LIQUOR 1  OKOTOKS  AB,Retail and Grocery,-133.13,,COSTCO CANADA LIQUOR 1  OKOTOKS  AB
2/23/2022,2/24/2022,OA-GREAT CANADIAN OIL  OKOTOKS  AB,Transportation,-427.32,,OA-GREAT CANADIAN OIL  OKOTOKS  AB
2/24/2022,2/26/2022,A&W #1529 ALDERSYDE  ALDERSYDE AB,Restaurants,-10.37,,A&W #1529 ALDERSYDE  ALDERSYDE AB
2/24/2022,2/26/2022,MCDONALD S #9527  CALGARY  AB,Restaurants,-15.00,,MCDONALD S #9527  CALGARY  AB
2/25/2022,2/28/2022,BOLT SUPPLY HOUSE#8  CALGARY  AB,Professional and Financial Services,-207.40,,BOLT SUPPLY HOUSE#8  CALGARY  AB
2/25/2022,2/28/2022,THE BEER SELLER  CLAIRMONT AB,Retail and Grocery,-17.80,,THE BEER SELLER  CLAIRMONT AB
2/25/2022,2/28/2022,SHELL C22474  CLAIRMONT AB,Transportation,-13.32,,SHELL C22474  CLAIRMONT AB
2/25/2022,2/28/2022,MCDONALD S #9527  CALGARY  AB,Restaurants,-14.36,,MCDONALD S #9527  CALGARY  AB
2/25/2022,2/28/2022,PANAGO #806 CLAIRMONT  CLAIRMONT AB,Restaurants,-9.98,,PANAGO #806 CLAIRMONT  CLAIRMONT AB
2/26/2022,2/28/2022,TRAPPER GORD HOMESTEAD  Debolt  AB,Retail and Grocery,-137.38,,TRAPPER GORD HOMESTEAD  Debolt  AB
2/26/2022,2/28/2022,TRUE NORTH TRUCK WASH/  GRANDE PRAIRIAB,Transportation,-26.09,,TRUE NORTH TRUCK WASH/  GRANDE PRAIRIAB
2/26/2022,2/28/2022,TELUS OPTIK TV ON DEMA  EDMONTON AB,Personal and Household Expenses,-11.55,,TELUS OPTIK TV ON DEMA  EDMONTON AB
2/26/2022,2/28/2022,PRINCESS AUTO 09  GRANDE PRAIRIAB,Professional and Financial Services,-14.65,,PRINCESS AUTO 09  GRANDE PRAIRIAB
2/26/2022,2/28/2022,LIL AVA'S PIZZA  GRANDE PRAIRIAB,Restaurants,-87.11,,LIL AVA'S PIZZA  GRANDE PRAIRIAB
2/26/2022,2/28/2022,DQ GRILL & CHILL #2744  VALLEYVIEW AB,Restaurants,-30.91,,DQ GRILL & CHILL #2744  VALLEYVIEW AB
2/26/2022,2/28/2022,DQ GRILL & CHILL #2744  VALLEYVIEW AB,Restaurants,-56.93,,DQ GRILL & CHILL #2744  VALLEYVIEW AB
2/26/2022,2/28/2022,SHELL C22474  CLAIRMONT AB,Transportation,-13.64,,SHELL C22474  CLAIRMONT AB
2/27/2022,3/2/2022,THE CANADIAN BREW HOUS  GRANDE PRAIRIAB,Restaurants,-93.47,,THE CANADIAN BREW HOUS  GRANDE PRAIRIAB
2/27/2022,3/2/2022,REDWOOD INN & SUITES  CLAIRMONT AB,"Hotel, Entertainment and Recreation",-370.60,,REDWOOD INN & SUITES  CLAIRMONT AB
2/28/2022,3/1/2022,MOUNTAIN VIEW BUILDING  CALGARY  AB,Home and Office Improvement,-309.89,,MOUNTAIN VIEW BUILDING  CALGARY  AB
2/28/2022,3/1/2022,A&W #1529 ALDERSYDE  ALDERSYDE AB,Restaurants,-29.24,,A&W #1529 ALDERSYDE  ALDERSYDE AB
3/1/2022,3/2/2022,RONA WESTHILLS 66550  CALGARY  AB,Home and Office Improvement,-11.33,,RONA WESTHILLS 66550  CALGARY  AB
3/1/2022,3/3/2022,MCDONALD S #9554  CALGARY  AB,Restaurants,-1.85,,MCDONALD S #9554  CALGARY  AB
3/1/2022,3/3/2022,MCDONALD'S #29010  CANMORE  AB,Restaurants,-14.78,,MCDONALD'S #29010  CANMORE  AB
3/2/2022,3/7/2022,MCDONALD'S #40479  OKOTOKS  AB,Restaurants,-12.62,,MCDONALD'S #40479  OKOTOKS  AB
3/3/2022,3/7/2022,A&W #1529 ALDERSYDE  ALDERSYDE AB,Restaurants,-15.67,,A&W #1529 ALDERSYDE  ALDERSYDE AB
3/3/2022,3/7/2022,PETROCAN  ALDERSYDE AB,Transportation,-100.00,,PETROCAN  ALDERSYDE AB
3/4/2022,3/7/2022,PETROCAN  CALGARY  AB,Transportation,-183.14,,PETROCAN  CALGARY  AB
3/4/2022,3/7/2022,MCDONALD S #9527  CALGARY  AB,Restaurants,-12.00,,MCDONALD S #9527  CALGARY  AB
3/5/2022,3/7/2022,SOUTH FORK RESTAURANT  HIGH RIVER AB,Restaurants,-43.92,,SOUTH FORK RESTAURANT  HIGH RIVER AB
3/6/2022,3/8/2022,CDN TIRE STORE #00642  OKOTOKS  AB,Home and Office Improvement,-20.98,,CDN TIRE STORE #00642  OKOTOKS  AB
3/6/2022,3/8/2022,MCDONALD'S #21761  OKOTOKS  AB,Restaurants,-13.19,,MCDONALD'S #21761  OKOTOKS  AB
3/7/2022,3/8/2022,BK # 20792  OKOTOKS  AB,Restaurants,-9.32,,BK # 20792  OKOTOKS  AB
3/7/2022,3/9/2022,MCDONALD S #9527  CALGARY  AB,Restaurants,-12.00,,MCDONALD S #9527  CALGARY  AB
3/8/2022,3/10/2022,THE HOME DEPOT #7223  OKOTOKS  AB,Home and Office Improvement,-54.05,,THE HOME DEPOT #7223  OKOTOKS  AB
3/8/2022,3/10/2022,MCDONALD'S #40479  OKOTOKS  AB,Restaurants,-11.93,,MCDONALD'S #40479  OKOTOKS  AB
3/21/2022,PAYMENT,-1500.00,,,,PAYMENT
3/27/2022,PAYMENT,-3000.00,,,,PAYMENT
4/3/2022,PAYMENT,-1000.00,,,,PAYMENT
3/10/2022,A&W #1529 ALDERSYDE  ALDERSYDE AB,13.67,Restaurants,,,A&W #1529 ALDERSYDE  ALDERSYDE AB
3/10/2022,MCDONALD S #9527  CALGARY  AB,8.00,Restaurants,,,MCDONALD S #9527  CALGARY  AB
3/10/2022,PETROCAN  ALDERSYDE AB,5.82,Transportation,,,PETROCAN  ALDERSYDE AB
3/11/2022,TIM HORTONS #2013  OKOTOKS  AB,6.86,Restaurants,,,TIM HORTONS #2013  OKOTOKS  AB
3/11/2022,PRINCESS AUTO 31  CALGARY  AB,54.60,Professional and Financial Services,,,PRINCESS AUTO 31  CALGARY  AB
3/11/2022,WHAT ALES YOU  SEXSMITH AB,21.69,Retail and Grocery,,,WHAT ALES YOU  SEXSMITH AB
3/11/2022,DENNY'S 03-042 GRANDE GRANDE PRAIRIAB,59.99,Restaurants,,,DENNY'S 03-042 GRANDE GRANDE PRAIRIAB
3/11/2022,MCDONALD S #9527  CALGARY  AB,12.00,Restaurants,,,MCDONALD S #9527  CALGARY  AB
3/11/2022,DAIRY QUEEN # 27053  GRANDE PRAIRIAB,22.84,Restaurants,,,DAIRY QUEEN # 27053  GRANDE PRAIRIAB
3/12/2022,WAL-MART # 3147  GRANDE PRAIRIAB,10.50,Retail and Grocery,,,WAL-MART # 3147  GRANDE PRAIRIAB
3/12/2022,HAMPTON INNS  780-5380722 AB,327.84,"Hotel, Entertainment and Recreation",,,HAMPTON INNS  780-5380722 AB
3/12/2022,BOSTON PIZZA #118  GRANDE PRAIRIAB,24.62,Restaurants,,,BOSTON PIZZA #118  GRANDE PRAIRIAB
3/12/2022,FATBURGER  GRANDE PRAIRIAB,36.85,Restaurants,,,FATBURGER  GRANDE PRAIRIAB
3/12/2022,CDN TIRE STORE #00344 GRANDE PRAIRIAB,31.47,Home and Office Improvement,,,CDN TIRE STORE #00344 GRANDE PRAIRIAB
3/13/2022,Subway 14335  Grande PrairiAB,32.63,Restaurants,,,Subway 14335  Grande PrairiAB
3/13/2022,MCDONALD'S #11987  WHITECOURT AB,8.67,Restaurants,,,MCDONALD'S #11987  WHITECOURT AB
3/14/2022,PETROCAN  CALGARY  AB,186.52,Transportation,,,PETROCAN  CALGARY  AB
3/15/2022,MCDONALD S #9527  CALGARY  AB,9.00,Restaurants,,,MCDONALD S #9527  CALGARY  AB
3/15/2022,BOSTON PIZZA # 149  OKOTOKS  AB,69.09,Restaurants,,,BOSTON PIZZA # 149  OKOTOKS  AB
3/16/2022,RONA 66120  CALGARY  AB,144.07,Home and Office Improvement,,,RONA 66120  CALGARY  AB
3/16/2022,MCDONALD S #9527  CALGARY  AB,21.80,Restaurants,,,MCDONALD S #9527  CALGARY  AB
3/17/2022,A&W #1529 ALDERSYDE  ALDERSYDE AB,12.12,Restaurants,,,A&W #1529 ALDERSYDE  ALDERSYDE AB
3/17/2022,MCDONALD S #9527  CALGARY  AB,9.00,Restaurants,,,MCDONALD S #9527  CALGARY  AB
3/17/2022,PETROCAN  ALDERSYDE  AB,10.90,Transportation,,,PETROCAN  ALDERSYDE  AB
3/18/2022,TIM HORTONS #2013  OKOTOKS  AB,9.26,Restaurants,,,TIM HORTONS #2013  OKOTOKS  AB
3/18/2022,DOMINOS PIZZA #10174  OKOTOKS  AB,62.20,Restaurants,,,DOMINOS PIZZA #10174  OKOTOKS  AB
3/18/2022,PETROCAN  CALGARY  AB,6.00,Transportation,,,PETROCAN  CALGARY  AB
3/18/2022,MCDONALD S #9527  CALGARY  AB,9.00,Restaurants,,,MCDONALD S #9527  CALGARY  AB
3/21/2022,RONA 66120  CALGARY  AB,75.36,Home and Office Improvement,,,RONA 66120  CALGARY  AB
3/21/2022,STAPLES STORE #281  OKOTOKS  AB,142.99,Retail and Grocery,,,STAPLES STORE #281  OKOTOKS  AB
3/21/2022,MCDONALD'S #29010  CANMORE  AB,8.67,Restaurants,,,MCDONALD'S #29010  CANMORE  AB
3/21/2022,SHOPPERS DRUG MART #24  OKOTOKS  AB,46.45,Health and Education,,,SHOPPERS DRUG MART #24  OKOTOKS  AB
3/22/2022,MCDONALD'S #21761  OKOTOKS  AB,2.09,Restaurants,,,MCDONALD'S #21761  OKOTOKS  AB
3/23/2022,MCDONALD S #9554  CALGARY  AB,8.86,Restaurants,,,MCDONALD S #9554  CALGARY  AB
3/23/2022,SOBEYS OKOTOKS #1130  OKOTOKS  AB,13.47,Retail and Grocery,,,SOBEYS OKOTOKS #1130  OKOTOKS  AB
3/23/2022,MCDONALD S #9527  CALGARY  AB,9.00,Restaurants,,,MCDONALD S #9527  CALGARY  AB
3/24/2022,A&W #1529 ALDERSYDE  ALDERSYDE AB,12.12,Restaurants,,,A&W #1529 ALDERSYDE  ALDERSYDE AB
3/25/2022,NAPA AUTO PARTS - NAPA  Cochrane AB,103.95,Transportation,,,NAPA AUTO PARTS - NAPA  Cochrane AB
3/25/2022,NAPA AUTO PARTS - NAPA  Cochrane AB,169.67,Transportation,,,NAPA AUTO PARTS - NAPA  Cochrane AB
3/25/2022,COCHRANE HOME HARDWARE  COCHRANE AB,67.21,Home and Office Improvement,,,COCHRANE HOME HARDWARE  COCHRANE AB
3/25/2022,TIM HORTONS #2013  OKOTOKS  AB,7.49,Restaurants,,,TIM HORTONS #2013  OKOTOKS  AB
3/25/2022,PETROCAN  CALGARY  AB,8.71,Transportation,,,PETROCAN  CALGARY  AB
3/25/2022,BLACK DIAMOND BAR & HO  BLACK DIAMONDAB,174.52,"Hotel, Entertainment and Recreation",,,BLACK DIAMOND BAR & HO  BLACK DIAMONDAB
3/26/2022,UBER CANADA/UBERTRIP  TORONTO ON,45.74,Transportation,,,UBER CANADA/UBERTRIP  TORONTO ON
3/26/2022,CALGARY FLAMES FOUNDAT  CALGARY  AB,50.00,Personal and Household Expenses,,,CALGARY FLAMES FOUNDAT  CALGARY  AB
3/26/2022,APPRENTICESHIP AND IND  EDMONTON AB,35.00,Professional and Financial Services,,,APPRENTICESHIP AND IND  EDMONTON AB
3/26/2022,MCDONALD'S #21761  OKOTOKS  AB,7.11,Restaurants,,,MCDONALD'S #21761  OKOTOKS  AB
3/27/2022,SQ *SCOTIABANK SADDLED  Calgary  AB,17.14,Restaurants,,,SQ *SCOTIABANK SADDLED  Calgary  AB
3/27/2022,SQ *SCOTIABANK SADDLED  Calgary  AB,23.71,Restaurants,,,SQ *SCOTIABANK SADDLED  Calgary  AB
3/27/2022,UBER* TRIP  TORONTO  ON,98.11,Transportation,,,UBER* TRIP  TORONTO  ON
3/27/2022,UBER CANADA/UBERTRIP  TORONTO ON,14.71,Transportation,,,UBER CANADA/UBERTRIP  TORONTO ON
3/27/2022,UBER CANADA/UBERTRIP  TORONTO ON,6.86,Transportation,,,UBER CANADA/UBERTRIP  TORONTO ON
3/27/2022,UBER CANADA/UBERTRIP  TORONTO ON,6.86,Transportation,,,UBER CANADA/UBERTRIP  TORONTO ON
3/27/2022,MyAlberta Fine Payment  EDMONTON AB,243.00,Professional and Financial Services,,,MyAlberta Fine Payment  EDMONTON AB
3/28/2022,MCDONALD S #9527  CALGARY  AB,3.00,Restaurants,,,MCDONALD S #9527  CALGARY  AB
3/29/2022,MCDONALD S #9527  CALGARY  AB,3.00,Restaurants,,,MCDONALD S #9527  CALGARY  AB
3/30/2022,JERUSALEM SHAWARMA AND  CALGARY  AB,41.54,Restaurants,,,JERUSALEM SHAWARMA AND  CALGARY  AB
3/31/2022,A & W #1813  CALGARY  AB,23.38,Restaurants,,,A & W #1813  CALGARY  AB
3/31/2022,MCDONALD'S #40670  COCHRANE AB,8.67,Restaurants,,,MCDONALD'S #40670  COCHRANE AB
4/1/2022,MIGHTY MANGO  CALGARY  AB,73.82,Restaurants,,,MIGHTY MANGO  CALGARY  AB
4/2/2022,TIM HORTONS #2013  OKOTOKS  AB,19.13,Restaurants,,,TIM HORTONS #2013  OKOTOKS  AB
4/3/2022,CALGARYCLIMBING HANGER  CALGARY  AB,1102.50,"Hotel, Entertainment and Recreation",,,CALGARYCLIMBING HANGER  CALGARY  AB
4/3/2022,ATTACK SPORTS  CALGARY  AB,1152.90,"Hotel, Entertainment and Recreation",,,ATTACK SPORTS  CALGARY  AB
4/5/2022,22198 MAC'S CONVENIENC  HIGH RIVER AB,182.20,Transportation,,,22198 MAC'S CONVENIENC  HIGH RIVER AB
4/17/2022,4/19/2022,PAYMENT,,-950.00,,PAYMENT
4/17/2022,4/19/2022,PAYMENT,,-1500.00,,PAYMENT
5/1/2022,5/3/2022,PAYMENT,,-2500.00,,PAYMENT
4/7/2022,4/11/2022,MCDONALD'S #40670  COCHRANE AB,Restaurants,-8.67,,MCDONALD'S #40670  COCHRANE AB
4/8/2022,4/11/2022,RONA 66120  CALGARY  AB,Home and Office Improvement,-434.34,,RONA 66120  CALGARY  AB
4/8/2022,4/11/2022,RED ROCK PIZZA OKOTOKS OKOTOKS  AB,Restaurants,-69.30,,RED ROCK PIZZA OKOTOKS OKOTOKS  AB
4/9/2022,4/11/2022,HERITAGE INN HIGH RIVE HIGH RIVER AB,"Hotel, Entertainment and Recreation",-142.69,,HERITAGE INN HIGH RIVE HIGH RIVER AB
4/11/2022,4/12/2022,TIM HORTONS #2013  OKOTOKS  AB,Restaurants,-9.05,,TIM HORTONS #2013  OKOTOKS  AB
4/12/2022,4/13/2022,OA-GREAT CANADIAN OIL OKOTOKS  AB,Transportation,-242.53,,OA-GREAT CANADIAN OIL OKOTOKS  AB
4/12/2022,4/13/2022,TIM HORTONS #2013  OKOTOKS  AB,Restaurants,-8.90,,TIM HORTONS #2013  OKOTOKS  AB
4/13/2022,4/14/2022,REPSOL SPORT CENTRE  CALGARY  AB,Personal and Household Expenses,-700.00,,REPSOL SPORT CENTRE  CALGARY  AB
4/13/2022,4/18/2022,MCDONALD'S #40670  COCHRANE AB,Restaurants,-9.63,,MCDONALD'S #40670  COCHRANE AB
4/14/2022,4/14/2022,Subway 14963  Calgary  AB,Restaurants,-12.37,,Subway 14963  Calgary  AB
4/14/2022,4/18/2022,TIM HORTONS #2013  OKOTOKS  AB,Restaurants,-7.70,,TIM HORTONS #2013  OKOTOKS  AB
4/15/2022,4/18/2022,CALG CO-OP GROCERY #24 HIGH RIVER AB,Retail and Grocery,-33.28,,CALG CO-OP GROCERY #24 HIGH RIVER AB
4/15/2022,4/18/2022,CALG CO-OP WINES & SPI HIGH RIVER AB,Retail and Grocery,-59.00,,CALG CO-OP WINES & SPI HIGH RIVER AB
4/17/2022,4/18/2022,BAR BURRITO  OKOTOKS  AB,Restaurants,-23.40,,BAR BURRITO  OKOTOKS  AB
4/17/2022,4/18/2022,TIM HORTONS #3513  OKOTOKS  AB,Restaurants,-2.07,,TIM HORTONS #3513  OKOTOKS  AB
4/17/2022,4/20/2022,GRAND CENTRAL BAR & GR OKOTOKS  AB,Restaurants,-86.94,,GRAND CENTRAL BAR & GR OKOTOKS  AB
4/18/2022,4/19/2022,COSTCO WHOLESALE W1069 OKOTOKS  AB,Retail and Grocery,35.68,,COSTCO WHOLESALE W1069 OKOTOKS  AB
4/18/2022,4/19/2022,COSTCO WHOLESALE W1069 OKOTOKS  AB,Retail and Grocery,-126.67,,COSTCO WHOLESALE W1069 OKOTOKS  AB
4/18/2022,4/19/2022,CAV-OK GRILL  CALGARY  AB,Restaurants,-24.29,,CAV-OK GRILL  CALGARY  AB
4/18/2022,4/20/2022,MCDONALD S #9527  CALGARY  AB,Restaurants,-2.93,,MCDONALD S #9527  CALGARY  AB
4/19/2022,4/21/2022,MCDONALD'S #40670  COCHRANE AB,Restaurants,-11.81,,MCDONALD'S #40670  COCHRANE AB
4/21/2022,4/21/2022,Subway 14963  Calgary  AB,Restaurants,-12.37,,Subway 14963  Calgary  AB
4/21/2022,4/22/2022,BROWNS SOCIALHOUSE OKO  OKOTOKS  AB,Restaurants,-156.88,,BROWNS SOCIALHOUSE OKO  OKOTOKS  AB
4/21/2022,4/22/2022,MCDONALD'S #40670  COCHRANE AB,Restaurants,-9.89,,MCDONALD'S #40670  COCHRANE AB
4/22/2022,4/25/2022,MCDONALD'S #40670  COCHRANE AB,Restaurants,-12.62,,MCDONALD'S #40670  COCHRANE AB
4/22/2022,4/25/2022,LIL AVA'S PIZZA  GRANDE PRAIRIAB,Restaurants,-91.14,,LIL AVA'S PIZZA  GRANDE PRAIRIAB
4/22/2022,4/25/2022,THE BEER SELLER  CLAIRMONT AB,Retail and Grocery,-21.15,,THE BEER SELLER  CLAIRMONT AB
4/23/2022,4/25/2022,Subway 46209  Grande PrairiAB,Restaurants,-48.82,,Subway 46209  Grande PrairiAB
4/23/2022,4/25/2022,SUPERIOR WASH CLAIRMON  CLAIRMONT AB,Transportation,-30.00,,SUPERIOR WASH CLAIRMON  CLAIRMONT AB
4/23/2022,4/25/2022,SHELL C22474  CLAIRMONT AB,Transportation,-187.31,,SHELL C22474  CLAIRMONT AB
4/23/2022,4/26/2022,BOSTON PIZZA # 101  GRANDE PRAIRIAB,Restaurants,-89.23,,BOSTON PIZZA # 101  GRANDE PRAIRIAB
4/24/2022,4/25/2022,TIM HORTONS #2212  WHITECOURT AB,Restaurants,-3.51,,TIM HORTONS #2212  WHITECOURT AB
4/24/2022,4/25/2022,BOWLING STONES TEN PIN  GRANDE PRAIRIAB,"Hotel, Entertainment and Recreation",-45.71,,BOWLING STONES TEN PIN  GRANDE PRAIRIAB
4/24/2022,4/25/2022,HARVEYS 0002646  GRANDE PRAIRIAB,Restaurants,-46.36,,HARVEYS 0002646  GRANDE PRAIRIAB
4/24/2022,4/27/2022,REDWOOD INN & SUITES  CLAIRMONT AB,"Hotel, Entertainment and Recreation",-329.18,,REDWOOD INN & SUITES  CLAIRMONT AB
4/25/2022,4/26/2022,CAV-OK GRILL  CALGARY  AB,Restaurants,-22.02,,CAV-OK GRILL  CALGARY  AB
4/25/2022,4/26/2022,TIM HORTONS #2013  OKOTOKS  AB,Restaurants,-7.70,,TIM HORTONS #2013  OKOTOKS  AB
4/25/2022,4/27/2022,SOBEYS OKOTOKS #1130  OKOTOKS  AB,Retail and Grocery,-17.96,,SOBEYS OKOTOKS #1130  OKOTOKS  AB
4/26/2022,4/27/2022,CAV-OK GRILL  CALGARY  AB,Restaurants,-22.07,,CAV-OK GRILL  CALGARY  AB
4/27/2022,4/28/2022,THE PARK KITCHEN & BAR  CALGARY  AB,Restaurants,-68.45,,THE PARK KITCHEN & BAR  CALGARY  AB
4/27/2022,4/28/2022,CAV-OK GRILL  CALGARY  AB,Restaurants,-22.02,,CAV-OK GRILL  CALGARY  AB
4/28/2022,4/29/2022,Amazon.ca*137YE8FG1  AMAZON.CA ON,Personal and Household Expenses,-321.88,,Amazon.ca*137YE8FG1  AMAZON.CA ON
4/28/2022,5/2/2022,THOP - MILLIGAN DR.  OKOTOKS  AB,Restaurants,-31.13,,THOP - MILLIGAN DR.  OKOTOKS  AB
4/29/2022,5/2/2022,MCDONALD'S #40670  COCHRANE AB,Restaurants,-9.20,,MCDONALD'S #40670  COCHRANE AB
4/29/2022,5/2/2022,TIM HORTONS #2013  OKOTOKS  AB,Restaurants,-7.70,,TIM HORTONS #2013  OKOTOKS  AB
4/30/2022,5/2/2022,TIM HORTONS #2013  OKOTOKS  AB,Restaurants,-7.70,,TIM HORTONS #2013  OKOTOKS  AB
5/1/2022,5/2/2022,LITTLE APPLE CAFE  LONGVIEW AB,Restaurants,-29.43,,LITTLE APPLE CAFE  LONGVIEW AB
5/2/2022,5/3/2022,CAV-OK GRILL  CALGARY  AB,Restaurants,-50.14,,CAV-OK GRILL  CALGARY  AB
5/3/2022,5/4/2022,AMZN Mktp CA*1Q39U7290  WWW.AMAZON.CAON,Personal and Household Expenses,-253.85,,AMZN Mktp CA*1Q39U7290  WWW.AMAZON.CAON
5/3/2022,5/4/2022,CAV-OK GRILL  CALGARY  AB,Restaurants,-27.49,,CAV-OK GRILL  CALGARY  AB
5/3/2022,5/5/2022,APPRENTICESHIP AND IND  EDMONTON AB,Professional and Financial Services,-35.00,,APPRENTICESHIP AND IND  EDMONTON AB
5/3/2022,5/6/2022,PETROCAN  ALDERSYDE AB,Transportation,-26.24,,PETROCAN  ALDERSYDE AB
5/4/2022,5/5/2022,SEEKING ALPHA  3475096837 NY,Foreign Currency Transactions,-316.40,239.00 USD @ 1.323849372**,SEEKING ALPHA  3475096837 NY
5/4/2022,5/5/2022,CAV-OK GRILL  CALGARY  AB,Restaurants,-26.30,,CAV-OK GRILL  CALGARY  AB
5/4/2022,5/9/2022,PETROCAN  ALDERSYDE AB,Transportation,-173.19,,PETROCAN  ALDERSYDE AB
5/5/2022,5/6/2022,CAV-OK GRILL  CALGARY  AB,Restaurants,-23.84,,CAV-OK GRILL  CALGARY  AB
5/5/2022,5/6/2022,TIM HORTONS #2013  OKOTOKS  AB,Restaurants,-7.70,,TIM HORTONS #2013  OKOTOKS  AB
5/6/2022,5/9/2022,SOBEYS LIQUOR #1708  OKOTOKS  AB,Retail and Grocery,-89.07,,SOBEYS LIQUOR #1708  OKOTOKS  AB
5/6/2022,5/9/2022,THE HOME DEPOT #7223  OKOTOKS  AB,Home and Office Improvement,-8.38,,THE HOME DEPOT #7223  OKOTOKS  AB
5/6/2022,5/9/2022,BOSTON PIZZA # 149  OKOTOKS  AB,Restaurants,-66.23,,BOSTON PIZZA # 149  OKOTOKS  AB
5/9/2022,5/10/2022,CABELA'S CANADA  CALGARY  AB,"Hotel, Entertainment and Recreation",-530.04,,CABELA'S CANADA  CALGARY  AB
5/15/2022,PAYMENT,-2500.00,,,,PAYMENT
5/24/2022,PAYMENT,-1900.00,,,,PAYMENT
6/5/2022,PAYMENT,-3000.00,,,,PAYMENT
5/10/2022,ABILITY PUMP & EQUIPME CALGARY  AB,-194.25,Professional and Financial Services,,,ABILITY PUMP & EQUIPME CALGARY  AB
5/13/2022,COSTCO WHOLESALE W1069 OKOTOKS  AB,-273.62,Retail and Grocery,,,COSTCO WHOLESALE W1069 OKOTOKS  AB
5/13/2022,CABELA'S CANADA  CALGARY  AB,-609.00,"Hotel, Entertainment and Recreation",,,CABELA'S CANADA  CALGARY  AB
6/6/2022,PHO HOAI RESTAURANT IN OKOTOKS  AB,-45.85,Restaurants,,,PHO HOAI RESTAURANT IN OKOTOKS  AB
5/9/2022,CDN TIRE STORE #00419 CALGARY  AB,-59.83,Home and Office Improvement,,,CDN TIRE STORE #00419 CALGARY  AB
5/9/2022,MCDONALD S #9527  CALGARY  AB,-10.14,Restaurants,,,MCDONALD S #9527  CALGARY  AB
5/10/2022,MCDONALD S #9527  CALGARY  AB,-10.14,Restaurants,,,MCDONALD S #9527  CALGARY  AB
5/11/2022,TIM HORTONS #2013  OKOTOKS  AB,-3.42,Restaurants,,,TIM HORTONS #2013  OKOTOKS  AB
5/11/2022,MCDONALD'S #40479  OKOTOKS  AB,-13.21,Restaurants,,,MCDONALD'S #40479  OKOTOKS  AB
5/12/2022,LOWES #03318*  CALGARY  AB,-53.53,Home and Office Improvement,,,LOWES #03318*  CALGARY  AB
5/12/2022,PEAVEY MART #075  HIGH RIVER AB,-335.95,Home and Office Improvement,,,PEAVEY MART #075  HIGH RIVER AB
5/12/2022,TIM HORTONS #2013  OKOTOKS  AB,-3.42,Restaurants,,,TIM HORTONS #2013  OKOTOKS  AB
5/12/2022,PETROCAN  CALGARY  AB,-2.71,Transportation,,,PETROCAN  CALGARY  AB
5/17/2022,CAV-OK GRILL  CALGARY  AB,-22.59,Restaurants,,,CAV-OK GRILL  CALGARY  AB
5/17/2022,FGP50157 FAS GAS HIGH BLACK DIAMONDAB,-185.16,Transportation,,,FGP50157 FAS GAS HIGH BLACK DIAMONDAB
5/18/2022,CAV-OK GRILL  CALGARY  AB,-47.15,Restaurants,,,CAV-OK GRILL  CALGARY  AB
5/18/2022,PRINCESS AUTO 31  CALGARY  AB,-104.87,Professional and Financial Services,,,PRINCESS AUTO 31  CALGARY  AB
5/18/2022,MONTANAS COOKHOUSE 303 CALGARY  AB,-49.42,Restaurants,,,MONTANAS COOKHOUSE 303 CALGARY  AB
5/18/2022,MCDONALD'S #21761  OKOTOKS  AB,-3.14,Restaurants,,,MCDONALD'S #21761  OKOTOKS  AB
5/19/2022,CAV-OK GRILL  CALGARY  AB,-25.08,Restaurants,,,CAV-OK GRILL  CALGARY  AB
5/19/2022,PRINCESS AUTO 31  CALGARY  AB,-223.89,Professional and Financial Services,,,PRINCESS AUTO 31  CALGARY  AB
5/21/2022,MCDONALD'S #21761  OKOTOKS  AB,-11.32,Restaurants,,,MCDONALD'S #21761  OKOTOKS  AB
5/21/2022,SHOPPERS DRUG MART #24  OKOTOKS  AB,-65.95,Health and Education,,,SHOPPERS DRUG MART #24  OKOTOKS  AB
5/22/2022,TIM HORTONS #2013  OKOTOKS  AB,-16.71,Restaurants,,,TIM HORTONS #2013  OKOTOKS  AB
5/22/2022,CDN TIRE STORE #00909  HIGH RIVER AB,-10.48,Home and Office Improvement,,,CDN TIRE STORE #00909  HIGH RIVER AB
5/22/2022,BOSTON PIZZA #124  HIGH RIVER AB,-103.34,Restaurants,,,BOSTON PIZZA #124  HIGH RIVER AB
5/23/2022,TIM HORTONS #2013  OKOTOKS  AB,-18.82,Restaurants,,,TIM HORTONS #2013  OKOTOKS  AB
5/23/2022,CDN TIRE STORE #00642  OKOTOKS  AB,-52.49,Home and Office Improvement,,,CDN TIRE STORE #00642  OKOTOKS  AB
5/23/2022,CDN TIRE GASBAR #01964  OKOTOKS  AB,-30.00,Transportation,,,CDN TIRE GASBAR #01964  OKOTOKS  AB
5/23/2022,SOURCE VIDEO  CALGARY  AB,-43.89,"Hotel, Entertainment and Recreation",,,SOURCE VIDEO  CALGARY  AB
5/24/2022,CAV-OK GRILL  CALGARY  AB,-23.88,Restaurants,,,CAV-OK GRILL  CALGARY  AB
5/24/2022,BK # 20792  OKOTOKS  AB,-12.04,Restaurants,,,BK # 20792  OKOTOKS  AB
5/24/2022,THE HOME DEPOT #7223  OKOTOKS  AB,-35.69,Home and Office Improvement,,,THE HOME DEPOT #7223  OKOTOKS  AB
5/25/2022,CAV-OK GRILL  CALGARY  AB,-23.84,Restaurants,,,CAV-OK GRILL  CALGARY  AB
5/25/2022,THOP - MILLIGAN DR.  OKOTOKS  AB,-30.61,Restaurants,,,THOP - MILLIGAN DR.  OKOTOKS  AB
5/26/2022,COSTCO WHOLESALE W1069  OKOTOKS  AB,-73.83,Retail and Grocery,,,COSTCO WHOLESALE W1069  OKOTOKS  AB
5/26/2022,COSTCO WHOLESALE W1069  OKOTOKS  AB,-9.86,Retail and Grocery,,,COSTCO WHOLESALE W1069  OKOTOKS  AB
5/26/2022,COSTCO WHOLESALE W1069  OKOTOKS  AB,-155.97,Retail and Grocery,,,COSTCO WHOLESALE W1069  OKOTOKS  AB
5/26/2022,CAV-OK GRILL  CALGARY  AB,-27.35,Restaurants,,,CAV-OK GRILL  CALGARY  AB
5/27/2022,MCDONALD'S #40800  SHERWOOD PARKAB,-12.79,Restaurants,,,MCDONALD'S #40800  SHERWOOD PARKAB
5/28/2022,ST. ALBERT INN AND SUI  ST. ALBERT AB,-158.00,"Hotel, Entertainment and Recreation",,,ST. ALBERT INN AND SUI  ST. ALBERT AB
5/28/2022,BLAZE PIZZA  SHERWOOD PARKAB,-24.59,Restaurants,,,BLAZE PIZZA  SHERWOOD PARKAB
5/28/2022,TIM HORTONS #0725  ST. ALBERT AB,-6.25,Restaurants,,,TIM HORTONS #0725  ST. ALBERT AB
5/28/2022,SOBEYS OKOTOKS #1130  OKOTOKS  AB,-16.56,Retail and Grocery,,,SOBEYS OKOTOKS #1130  OKOTOKS  AB
5/29/2022,RVEZY.COM  OTTAWA WEST ON,-731.38,Professional and Financial Services,,,RVEZY.COM  OTTAWA WEST ON
5/30/2022,AMZ*AKR Supplies  WWW.AMAZON.CAON,38.59,Personal and Household Expenses,,,AMZ*AKR Supplies  WWW.AMAZON.CAON
5/30/2022,CAV-OK GRILL  CALGARY  AB,-25.08,Restaurants,,,CAV-OK GRILL  CALGARY  AB
5/30/2022,Southland Registry  888-4607771 AB,-96.74,Professional and Financial Services,,,Southland Registry  888-4607771 AB
5/30/2022,MCDONALD'S #21761  OKOTOKS  AB,-13.99,Restaurants,,,MCDONALD'S #21761  OKOTOKS  AB
5/31/2022,MCDONALD S #9527  CALGARY  AB,-8.12,Restaurants,,,MCDONALD S #9527  CALGARY  AB
5/31/2022,THE HOME DEPOT #7250  CALGARY  AB,-417.90,Home and Office Improvement,,,THE HOME DEPOT #7250  CALGARY  AB
5/31/2022,PETERS' DRIVE IN LTD.  CALGARY  AB,-20.27,Restaurants,,,PETERS' DRIVE IN LTD.  CALGARY  AB
5/31/2022,MERIDIAN HUSKY ESSO  CALGARY  AB,-2.82,Transportation,,,MERIDIAN HUSKY ESSO  CALGARY  AB
6/1/2022,MCDONALD'S #40670  COCHRANE AB,-14.35,Restaurants,,,MCDONALD'S #40670  COCHRANE AB
6/1/2022,THE CHOPPED LEAF CL071  OKOTOKS  AB,-48.26,Restaurants,,,THE CHOPPED LEAF CL071  OKOTOKS  AB
6/2/2022,CAV-OK GRILL  CALGARY  AB,-23.77,Restaurants,,,CAV-OK GRILL  CALGARY  AB
6/3/2022,SAVE ON FOODS  CALGARY  AB,-34.34,Retail and Grocery,,,SAVE ON FOODS  CALGARY  AB
6/3/2022,PAPA JOHN'S PIZZA # 12  587-943-3397 AB,-205.80,Restaurants,,,PAPA JOHN'S PIZZA # 12  587-943-3397 AB
6/4/2022,SHELL C22534  OKOTOKS  AB,-199.08,Transportation,,,SHELL C22534  OKOTOKS  AB
6/4/2022,QUIZNOS #6902 OKOTOKS  OKOTOKS  AB,-9.07,Restaurants,,,QUIZNOS #6902 OKOTOKS  OKOTOKS  AB
6/5/2022,BLACK DIAMOND DQ #2747  BLACK DIAMONDAB,-12.36,Restaurants,,,BLACK DIAMOND DQ #2747  BLACK DIAMONDAB
6/6/2022,CAV-OK GRILL  CALGARY  AB,-17.31,Restaurants,,,CAV-OK GRILL  CALGARY  AB
6/7/2022,AMZN Mktp CA*ST49G65L3  WWW.AMAZON.CAON,-43.52,Personal and Household Expenses,,,AMZN Mktp CA*ST49G65L3  WWW.AMAZON.CAON
6/7/2022,CAV-OK GRILL  CALGARY  AB,-22.22,Restaurants,,,CAV-OK GRILL  CALGARY  AB
6/15/2022,PAYMENT,-600.00,,,,PAYMENT
6/19/2022,PAYMENT,-1000.00,,,,PAYMENT
6/28/2022,PAYMENT,-1000.00,,,,PAYMENT
7/4/2022,PAYMENT,-500.00,,,,PAYMENT
7/11/2022,REGULAR PURCHASES  19.75%,-56.01,,,,REGULAR PURCHASES  19.75%
6/12/2022,MOSSLEIGH BAR N GRILL MOSSLEIGH AB  Restaurants,-43.54,,,,MOSSLEIGH BAR N GRILL MOSSLEIGH AB  Restaurants
6/20/2022,CDN TIRE STORE #00909 HIGH RIVER AB  Home and Office Improvement,-1478.36,,,,CDN TIRE STORE #00909 HIGH RIVER AB  Home and Office Improvement
6/26/2022,"MOUNT ENGADINE LODGE CALGARY  AB  Hotel, Entertainment and Recreation",-66.78,,,,"MOUNT ENGADINE LODGE CALGARY  AB  Hotel, Entertainment and Recreation"
6/26/2022,"MOUNT ENGADINE LODGE CALGARY  AB  Hotel, Entertainment and Recreation",-93.24,,,,"MOUNT ENGADINE LODGE CALGARY  AB  Hotel, Entertainment and Recreation"
6/27/2022,SOUTHERN ALBERTA VETER OKOTOKS  AB  Personal and Household Expenses,-43.87,,,,SOUTHERN ALBERTA VETER OKOTOKS  AB  Personal and Household Expenses
6/29/2022,SOBEYS OKOTOKS #1130 OKOTOKS  AB  Retail and Grocery,-118.58,,,,SOBEYS OKOTOKS #1130 OKOTOKS  AB  Retail and Grocery
7/8/2022,"CALGARYCLIMBING HANGER CALGARY  AB  Hotel, Entertainment and Recreation",-215.25,,,,"CALGARYCLIMBING HANGER CALGARY  AB  Hotel, Entertainment and Recreation"
6/9/2022,THOP - MILLIGAN DR.  OKOTOKS  AB  Restaurants,-48.70,,,,THOP - MILLIGAN DR.  OKOTOKS  AB  Restaurants
6/10/2022,COUNTRY FOOD MART  BLACK DIAMONDAB  Retail and Grocery,-34.45,,,,COUNTRY FOOD MART  BLACK DIAMONDAB  Retail and Grocery
6/12/2022,TIM HORTONS #5891  HIGH RIVER AB  Restaurants,-17.72,,,,TIM HORTONS #5891  HIGH RIVER AB  Restaurants
6/13/2022,BAR BURRITO  OKOTOKS  AB  Restaurants,-26.06,,,,BAR BURRITO  OKOTOKS  AB  Restaurants
6/13/2022,TIM HORTONS #5033  COCHRANE AB  Restaurants,-3.28,,,,TIM HORTONS #5033  COCHRANE AB  Restaurants
6/13/2022,SOBEYS OKOTOKS #1130 OKOTOKS  AB  Retail and Grocery,-7.96,,,,SOBEYS OKOTOKS #1130 OKOTOKS  AB  Retail and Grocery
6/15/2022,RAO*AB HUNT&FISH  BURNABY  BC  Professional and Financial Services,-6.30,,,,RAO*AB HUNT&FISH  BURNABY  BC  Professional and Financial Services
6/15/2022,CAV-OK GRILL  CALGARY  AB  Restaurants,-20.05,,,,CAV-OK GRILL  CALGARY  AB  Restaurants
6/15/2022,#028 MARK'S  OKOTOKS  AB  Retal and Grocery,-234.00,,,,#028 MARK'S  OKOTOKS  AB  Retal and Grocery
6/15/2022,MCDONALD S #9527  CALGARY  AB  Restaurants,-6.11,,,,MCDONALD S #9527  CALGARY  AB  Restaurants
6/16/2022,BRAVO PIZZAS  OKOTOKS  AB  Restaurants,-49.56,,,,BRAVO PIZZAS  OKOTOKS  AB  Restaurants
6/16/2022,MCDONALD'S #40670  COCHRANE AB  Restaurants,-15.00,,,,MCDONALD'S #40670  COCHRANE AB  Restaurants
6/16/2022,MCDONALD'S #40670  COCHRANE AB  Restaurants,-4.00,,,,MCDONALD'S #40670  COCHRANE AB  Restaurants
6/16/2022,TIM HORTONS #5671  BLACK DIAMONDAB  Restaurants,-3.42,,,,TIM HORTONS #5671  BLACK DIAMONDAB  Restaurants
6/17/2022,SHELL C80113  COCHRANE AB  Transportation,-17.90,,,,SHELL C80113  COCHRANE AB  Transportation
6/17/2022,MCDONALD'S #40643  CLAIRMONT AB  Restaurants,-12.03,,,,MCDONALD'S #40643  CLAIRMONT AB  Restaurants
6/17/2022,THE BEER SELLER  CLAIRMONT AB  Retail and Grocery,-17.40,,,,THE BEER SELLER  CLAIRMONT AB  Retail and Grocery
6/18/2022,RAO*AB HUNT&FISH  BURNABY  BC  Professional and Financial Services,-29.63,,,,RAO*AB HUNT&FISH  BURNABY  BC  Professional and Financial Services
6/18/2022,RAO*AB HUNT&FISH  BURNABY  BC  Professional and Financial Services,-38.30,,,,RAO*AB HUNT&FISH  BURNABY  BC  Professional and Financial Services
6/18/2022,RAO*AB HUNT&FISH  BURNABY  BC  Professional and Financial Services,-35.37,,,,RAO*AB HUNT&FISH  BURNABY  BC  Professional and Financial Services
6/18/2022,RAO*AB HUNT&FISH  BURNABY  BC  Professional and Financial Services,-45.96,,,,RAO*AB HUNT&FISH  BURNABY  BC  Professional and Financial Services
6/18/2022,RAO*AB HUNT&FISH  BURNABY  BC  Professional and Financial Services,-32.22,,,,RAO*AB HUNT&FISH  BURNABY  BC  Professional and Financial Services
6/18/2022,COSTCO WHOLESALE W254  GRANDE PRAIRIAB  Retail and Grocery,-50.26,,,,COSTCO WHOLESALE W254  GRANDE PRAIRIAB  Retail and Grocery
6/18/2022,"PHILIP J CURRIE DINOSA  WEMBLEY  AB  Hotel, Entertainment and Recreation",-42.00,,,,"PHILIP J CURRIE DINOSA  WEMBLEY  AB  Hotel, Entertainment and Recreation"
6/18/2022,DENNY'S 03-042 GRANDE  GRANDE PRAIRIAB  Restaurants,-99.04,,,,DENNY'S 03-042 GRANDE  GRANDE PRAIRIAB  Restaurants
6/19/2022,SEXSMITH GROCERY  SEXSMITH AB  Retail and Grocery,-31.47,,,,SEXSMITH GROCERY  SEXSMITH AB  Retail and Grocery
6/19/2022,FGP40224 MAYERTHORPE F  MAYERTHORPE AB  Transportation,-6.49,,,,FGP40224 MAYERTHORPE F  MAYERTHORPE AB  Transportation
6/19/2022,WENDY'S 6863  WHITECOURT AB  Restaurants,-13.62,,,,WENDY'S 6863  WHITECOURT AB  Restaurants
6/19/2022,"REDWOOD INN & SUITES  CLAIRMONT AB  Hotel, Entertainment and Recreation",-354.25,,,,"REDWOOD INN & SUITES  CLAIRMONT AB  Hotel, Entertainment and Recreation"
6/22/2022,RAO*AB HUNT&FISH  BURNABY  BC  Professional and Financial Services,-7.66,,,,RAO*AB HUNT&FISH  BURNABY  BC  Professional and Financial Services
6/22/2022,BLACK DIAMOND DQ #2747  BLACK DIAMONDAB  Restaurants,-7.22,,,,BLACK DIAMOND DQ #2747  BLACK DIAMONDAB  Restaurants
6/23/2022,RAO*AB HUNT&FISH  BURNABY  BC  Professional and Financial Services,-38.30,,,,RAO*AB HUNT&FISH  BURNABY  BC  Professional and Financial Services
6/23/2022,CAV-OK GRILL  CALGARY  AB  Restaurants,-21.35,,,,CAV-OK GRILL  CALGARY  AB  Restaurants
6/23/2022,TIM HORTONS #5671  BLACK DIAMONDAB  Restaurants,-9.01,,,,TIM HORTONS #5671  BLACK DIAMONDAB  Restaurants
6/23/2022,BLACK DIAMOND ESSO  BLACKDIAMOND AB  Transportation,-34.84,,,,BLACK DIAMOND ESSO  BLACKDIAMOND AB  Transportation
6/24/2022,RAO*AB HUNT&FISH  BURNABY  BC  Professional and Financial Services,-7.66,,,,RAO*AB HUNT&FISH  BURNABY  BC  Professional and Financial Services
6/24/2022,RAO*AB HUNT&FISH  BURNABY  BC  Professional and Financial Services,-3.83,,,,RAO*AB HUNT&FISH  BURNABY  BC  Professional and Financial Services
6/24/2022,MCDONALD'S #40670  COCHRANE AB  Restaurants,-12.88,,,,MCDONALD'S #40670  COCHRANE AB  Restaurants
6/25/2022,CALG CO-OP WINES & SPI  OKOTOKS  AB  Retail and Grocery,-164.37,,,,CALG CO-OP WINES & SPI  OKOTOKS  AB  Retail and Grocery
6/25/2022,BK # 20792  OKOTOKS  AB  Restaurants,-11.42,,,,BK # 20792  OKOTOKS  AB  Restaurants
6/25/2022,THE HOME DEPOT #7223  OKOTOKS  AB  Home and Office Improvement,-68.74,,,,THE HOME DEPOT #7223  OKOTOKS  AB  Home and Office Improvement
6/27/2022,MCDONALD'S #40670  COCHRANE AB  Restaurants,-10.05,,,,MCDONALD'S #40670  COCHRANE AB  Restaurants
6/27/2022,DYNAMIC MVMT LAB INC  CALGARY  AB  Health and Education,-80.00,,,,DYNAMIC MVMT LAB INC  CALGARY  AB  Health and Education
6/28/2022,TIM HORTONS #5671  BLACK DIAMONDAB  Restaurants,-3.42,,,,TIM HORTONS #5671  BLACK DIAMONDAB  Restaurants
7/1/2022,AMZ*Wholesale Parts Di  WWW.AMAZON.CAON  Personal and Household Expenses,0.07,,,,AMZ*Wholesale Parts Di  WWW.AMAZON.CAON  Personal and Household Expenses
7/1/2022,"CINEPLEX ENTERTAINMENT  416-323-6600 ON  Hotel, Entertainment and Recreation",-55.66,,,,"CINEPLEX ENTERTAINMENT  416-323-6600 ON  Hotel, Entertainment and Recreation"
7/2/2022,"CINEPLEX #3103  CALGARY  AB  Hotel, Entertainment and Recreation",-115.25,,,,"CINEPLEX #3103  CALGARY  AB  Hotel, Entertainment and Recreation"
7/4/2022,MCDONALD'S #40670  COCHRANE AB  Restaurants,-4.00,,,,MCDONALD'S #40670  COCHRANE AB  Restaurants
7/5/2022,COUNTRY FOOD MART  BLACK DIAMONDAB  Retail and Grocery,-24.20,,,,COUNTRY FOOD MART  BLACK DIAMONDAB  Retail and Grocery
7/5/2022,FGP50157 FAS GAS HIGH  BLACK DIAMONDAB  Transportation,-170.57,,,,FGP50157 FAS GAS HIGH  BLACK DIAMONDAB  Transportation
7/5/2022,MCDONALD'S #40670  COCHRANE AB  Restaurants,-10.99,,,,MCDONALD'S #40670  COCHRANE AB  Restaurants
